,bedrooms,bathrooms,sqft_living,sqft_lot,floors,waterfront,view,condition,sqft_above,sqft_basement,city
2156,2.0,2.0,1030,21712,1.0,0,0,4,1030,0,Seattle
2862,3.0,2.0,1300,11374,1.5,0,0,5,1300,0,SeaTac
3554,3.0,1.75,1010,9600,1.0,0,0,5,1010,0,Covington
3647,3.0,2.75,1300,14197,1.0,0,0,3,860,440,Kent
171,4.0,2.5,2290,12047,2.0,0,0,4,2290,0,Bellevue
412,4.0,2.75,1970,7213,1.0,0,0,3,1170,800,Renton
3071,4.0,1.75,2110,7208,1.0,0,0,3,1170,940,Renton
416,3.0,2.0,1920,8075,1.0,0,0,4,1510,410,Federal Way
3131,4.0,2.5,1840,5550,2.0,0,0,3,1840,0,Kent
1294,3.0,2.0,1270,1323,3.0,0,0,3,1270,0,Seattle
3545,4.0,2.5,1890,7867,2.0,0,0,3,1890,0,Maple Valley
4293,4.0,2.0,1560,7500,1.0,0,0,4,1560,0,Kirkland
364,3.0,2.5,1190,3000,2.0,0,0,3,1190,0,Tukwila
2398,3.0,3.25,1651,1779,2.0,0,0,3,1341,310,Seattle
3609,3.0,4.25,2820,7200,2.0,0,0,4,2460,360,Seattle
740,4.0,3.0,3150,9130,2.0,0,0,3,3150,0,Sammamish
73,3.0,2.5,1900,8744,2.0,0,0,3,1900,0,Sammamish
3967,3.0,2.5,1540,1326,3.0,0,0,3,1390,150,Seattle
4053,3.0,2.25,2120,14915,1.0,0,0,3,1720,400,Auburn
1265,4.0,3.5,4220,196817,2.0,0,0,3,4220,0,Auburn
2208,3.0,1.75,2290,14800,1.0,0,0,3,1620,670,Lake Forest Park
2360,4.0,2.5,3140,9225,1.0,0,2,5,1770,1370,Renton
1988,3.0,1.0,1010,7560,1.0,0,0,3,1010,0,Renton
3477,3.0,2.0,2460,41343,1.0,0,0,4,2460,0,Issaquah
4123,2.0,1.0,800,7260,1.0,0,0,3,800,0,Seattle
2426,2.0,1.0,910,9869,1.0,0,0,3,910,0,Renton
3171,3.0,1.5,1010,9600,1.0,0,0,4,1010,0,Des Moines
1492,3.0,1.75,1400,4000,1.0,0,0,3,870,530,Seattle
2202,2.0,0.75,1392,43710,1.5,0,0,4,1392,0,Vashon
1216,1.0,1.0,550,1279,2.0,0,0,3,550,0,Seattle
4031,3.0,2.5,3540,38322,2.0,0,0,3,3540,0,Redmond
3785,4.0,2.5,1830,9601,2.0,0,0,3,1830,0,Maple Valley
2099,4.0,1.75,1920,7665,1.0,0,0,4,1500,420,Renton
1565,3.0,1.5,2600,5085,1.0,0,0,4,1400,1200,Seattle
2978,3.0,2.25,3230,17833,2.0,0,0,4,3230,0,Bellevue
1998,4.0,2.5,2100,4237,2.0,0,0,3,2100,0,Kent
4515,5.0,3.0,3330,19126,2.0,0,0,4,2610,720,Mercer Island
2356,3.0,2.5,2456,7566,2.0,0,0,3,2456,0,Federal Way
3049,4.0,2.5,2520,7253,2.0,0,0,3,2520,0,Renton
631,3.0,1.0,1700,4400,1.5,0,0,4,1700,0,Seattle
3878,3.0,1.0,1580,7424,1.0,0,0,3,1010,570,Renton
3013,3.0,3.25,1530,1565,2.0,0,0,3,1280,250,Seattle
4439,3.0,2.0,2120,7560,1.0,0,0,3,2120,0,Renton
3689,4.0,2.0,1880,3840,1.0,0,0,3,970,910,Seattle
1080,4.0,2.75,2290,6120,2.0,0,0,4,2170,120,Seattle
1405,3.0,1.5,2500,4774,1.5,0,2,3,1450,1050,Seattle
632,5.0,2.5,2540,3832,2.0,0,0,5,1760,780,Seattle
1456,3.0,1.75,1210,8075,1.0,0,0,4,1210,0,Pacific
2035,5.0,2.75,2440,8000,1.0,0,0,4,1240,1200,Kirkland
3718,3.0,1.0,1150,6000,1.5,0,0,3,1150,0,North Bend
1851,4.0,2.5,2310,8030,2.0,0,0,3,2310,0,Duvall
4164,2.0,2.75,2700,8572,1.0,0,0,3,2700,0,Redmond
3003,4.0,2.0,2120,11479,1.0,0,0,4,1060,1060,Seattle
1802,3.0,1.75,2000,10182,1.0,0,0,5,1400,600,Kirkland
2229,3.0,2.5,1800,5001,2.0,0,0,3,1800,0,Kirkland
178,4.0,1.75,1500,11600,1.0,0,0,4,1000,500,Kenmore
498,3.0,2.5,1040,2643,2.0,0,0,3,720,320,Seattle
2388,4.0,1.5,1130,7840,1.0,0,0,4,1130,0,Federal Way
484,4.0,2.25,2540,228254,1.0,0,0,3,1450,1090,Duvall
3670,3.0,2.5,2600,4506,2.0,0,0,3,2600,0,Kenmore
4004,2.0,1.5,1130,746,2.0,0,0,3,1030,100,Seattle
2246,3.0,1.75,1870,7189,1.0,0,0,3,1270,600,Seattle
3852,4.0,2.5,1850,5444,2.0,0,0,5,1850,0,Kirkland
3904,3.0,2.5,3230,5000,2.0,0,2,5,2430,800,Seattle
877,5.0,2.0,3370,5000,1.5,0,0,4,2140,1230,Seattle
1166,3.0,1.0,1250,7300,1.0,0,0,4,1250,0,Bellevue
1689,4.0,2.5,2720,10000,2.0,0,0,3,2720,0,Sammamish
1340,4.0,2.5,2680,7200,1.0,0,0,3,1380,1300,Kirkland
273,4.0,1.5,2310,13300,1.0,0,0,3,1890,420,Clyde Hill
4105,3.0,1.75,1180,16552,1.0,0,0,4,1180,0,Woodinville
759,4.0,2.0,2560,7798,1.0,0,0,4,1890,670,Seattle
2218,4.0,1.5,1680,11123,1.0,0,0,3,1130,550,Shoreline
1597,3.0,1.75,1050,5850,1.0,0,0,3,1050,0,Burien
1356,2.0,1.0,1040,5527,1.0,0,0,3,1040,0,Seattle
2821,3.0,2.5,2160,3000,1.5,0,0,3,1260,900,Seattle
1249,3.0,2.75,1960,2500,1.5,0,0,5,1410,550,Seattle
3094,4.0,2.5,2000,37045,2.0,0,0,3,2000,0,Kent
1598,3.0,2.0,1560,7352,1.0,0,0,3,1560,0,Algona
992,4.0,1.75,2180,28710,1.0,0,0,3,1180,1000,SeaTac
2093,5.0,3.5,4220,26784,1.0,0,0,3,2110,2110,Bellevue
2515,3.0,2.5,1930,7214,2.0,0,0,3,1930,0,Seattle
3373,5.0,2.5,2700,21208,1.0,0,0,4,1950,750,Bellevue
3755,3.0,2.75,2090,9620,1.0,0,0,3,1340,750,Federal Way
1843,3.0,1.75,2640,8000,1.0,0,3,4,1320,1320,Mercer Island
4119,3.0,2.25,2090,15000,1.0,0,0,3,2090,0,North Bend
1466,3.0,2.5,2510,5503,2.0,0,2,3,2510,0,Seattle
319,4.0,1.75,1730,8320,1.0,0,0,3,1230,500,Federal Way
184,4.0,3.0,2450,10117,1.0,0,0,5,1580,870,Bellevue
3529,2.0,1.75,1220,15600,1.0,0,0,3,1220,0,Auburn
3484,3.0,1.0,1640,12384,1.0,0,0,4,1090,550,Federal Way
4491,3.0,2.5,2300,3060,1.5,0,0,3,1510,790,Seattle
3351,2.0,1.0,1060,3036,1.5,0,0,4,1060,0,Seattle
3629,4.0,2.0,2120,3360,2.0,0,0,3,2120,0,Seattle
3376,3.0,2.5,1720,3676,2.0,0,0,3,1720,0,Kent
2028,3.0,2.5,2550,13458,2.0,0,0,3,2550,0,Bellevue
839,5.0,4.25,6490,10862,2.0,0,3,4,3940,2550,Mercer Island
4168,3.0,1.5,1940,9887,1.0,0,0,4,1140,800,Federal Way
2792,3.0,2.0,1670,7700,1.0,0,0,3,1170,500,Kirkland
539,2.0,2.5,980,895,2.0,0,0,3,670,310,Seattle
1154,4.0,2.75,2750,14982,1.0,0,3,3,1720,1030,Des Moines
801,3.0,2.5,2670,13218,1.0,0,0,4,2670,0,Kent
2245,3.0,2.5,2550,45254,2.0,0,0,3,2550,0,Redmond
3259,3.0,2.0,2540,4750,1.5,0,0,5,1840,700,Seattle
1135,3.0,3.0,1960,1168,2.0,0,0,3,1600,360,Issaquah
210,4.0,3.5,3380,8330,2.0,0,0,3,3380,0,Shoreline
3680,4.0,3.0,3720,15048,3.0,0,0,3,3720,0,Renton
2512,4.0,2.5,2050,5276,2.0,0,0,3,2050,0,Renton
65,2.0,1.0,900,5000,1.0,0,0,3,900,0,Seattle
863,5.0,1.5,2120,7700,1.5,0,0,5,2120,0,Renton
3838,3.0,1.5,1760,4000,2.0,0,0,3,1760,0,Seattle
3432,3.0,2.0,1550,34175,1.5,0,0,3,1550,0,North Bend
4526,2.0,1.0,2550,21675,1.0,0,1,4,1610,940,Des Moines
1132,5.0,4.75,5305,8401,2.0,0,2,3,3745,1560,Kirkland
3069,3.0,1.0,1150,5100,2.0,0,0,3,1150,0,Seattle
3809,5.0,2.25,2900,10300,1.0,0,0,3,1450,1450,Bellevue
1026,3.0,1.0,1320,8625,1.0,0,0,4,1320,0,Renton
2328,5.0,6.25,8670,64033,2.0,0,4,3,6120,2550,Seattle
341,2.0,1.0,1060,4960,1.0,0,0,3,1060,0,Seattle
3858,5.0,2.0,2190,9072,1.0,0,0,5,1110,1080,Redmond
875,4.0,2.75,2500,5257,2.0,0,0,3,2500,0,Seattle
1506,3.0,2.25,1840,5752,2.0,0,0,3,1840,0,Kirkland
3168,2.0,0.75,1020,1350,2.0,0,0,3,1020,0,Seattle
372,6.0,2.25,2820,15600,1.5,0,2,5,1970,850,Burien
2624,5.0,2.75,3010,12611,2.0,0,0,3,3010,0,Redmond
2990,3.0,1.0,1460,10000,1.5,0,0,3,1460,0,Sammamish
2259,4.0,2.5,2530,7563,1.0,0,0,3,1440,1090,Bothell
2568,3.0,2.5,2300,9521,2.0,0,0,3,2300,0,Duvall
4152,4.0,2.5,2150,3143,2.0,0,0,3,2150,0,Renton
889,4.0,2.5,3480,59242,2.0,0,0,3,3480,0,Woodinville
4234,5.0,2.5,2850,209523,1.0,0,0,4,1930,920,Renton
3363,4.0,2.5,2760,6000,2.0,0,0,5,2230,530,Seattle
3776,3.0,2.0,1240,11172,1.0,0,0,3,1000,240,Sammamish
1325,3.0,1.5,1255,1374,3.0,0,0,3,1255,0,Seattle
2402,4.0,2.5,1910,9244,1.0,0,0,4,1910,0,Renton
1579,3.0,2.0,2590,108900,2.0,0,0,3,1980,610,Maple Valley
96,3.0,2.5,1680,2000,3.0,0,0,3,1680,0,Seattle
3876,2.0,1.0,1500,4000,1.0,0,0,3,1100,400,Seattle
2637,2.0,2.5,1620,3196,2.0,0,0,3,1620,0,Snoqualmie
3414,3.0,1.0,1170,6700,1.0,0,0,3,1170,0,Seattle
4380,4.0,2.5,2550,10000,1.0,0,0,3,1290,1260,Bellevue
129,4.0,2.5,2910,6338,2.0,0,0,3,2910,0,Renton
2561,4.0,2.5,3030,8507,2.0,0,0,3,3030,0,Kirkland
2119,3.0,2.0,1590,35988,1.0,0,0,4,1590,0,Renton
1635,4.0,2.75,2600,4674,1.0,0,0,3,1560,1040,Seattle
1985,3.0,2.5,1480,8381,1.0,0,0,4,1480,0,Seattle
4510,4.0,2.5,3210,14910,2.0,0,0,3,3210,0,Sammamish
3346,4.0,4.5,4225,284011,2.0,0,0,4,4225,0,Sammamish
4023,3.0,2.0,1640,2808,1.0,0,3,4,820,820,Seattle
1398,3.0,2.5,2420,8252,2.0,0,0,3,2420,0,Snoqualmie
3709,5.0,3.5,3840,8279,2.0,0,0,3,3840,0,Sammamish
370,3.0,2.0,1240,10800,1.0,0,0,3,1240,0,Renton
1788,3.0,2.5,2370,11172,2.0,0,0,3,2370,0,Newcastle
2504,3.0,1.75,1180,13927,1.0,0,0,5,1180,0,Renton
2773,3.0,1.0,1080,8580,1.5,0,0,3,1080,0,Tukwila
2116,3.0,2.25,1890,7200,1.0,0,0,4,1230,660,Seattle
4340,4.0,2.5,2700,8810,2.0,0,0,3,2700,0,Redmond
1820,3.0,2.0,1200,9566,1.0,0,0,3,1200,0,Pacific
994,4.0,2.5,2650,7945,2.0,0,0,3,2650,0,Seattle
881,4.0,2.5,2490,8290,2.0,0,0,3,2490,0,Auburn
737,5.0,1.75,2000,3750,2.0,0,0,4,2000,0,Seattle
231,3.0,1.0,990,6000,1.0,0,0,3,990,0,Seattle
377,3.0,1.0,1390,16000,1.0,0,0,4,1390,0,Algona
1413,3.0,2.5,1658,2700,2.0,0,0,3,1658,0,Des Moines
2910,3.0,3.5,3390,10078,2.0,0,0,3,3040,350,Newcastle
3798,4.0,3.5,4270,5800,2.0,0,3,5,3170,1100,Seattle
432,4.0,2.25,2130,8078,1.0,0,0,4,1380,750,Renton
1361,4.0,2.5,1982,6406,2.0,0,0,3,1982,0,Kent
3042,2.0,1.75,1500,8645,1.0,0,0,4,1500,0,Covington
3645,3.0,1.75,1410,8100,2.0,0,0,3,1410,0,Maple Valley
1378,2.0,2.5,2160,5581,1.0,0,0,3,2160,0,Redmond
1591,4.0,2.5,2040,22653,2.0,0,0,3,2040,0,Seattle
1143,3.0,2.5,3160,12824,1.0,0,2,4,1820,1340,Bellevue
2643,3.0,1.75,1370,8719,1.0,0,0,3,1370,0,Covington
172,4.0,2.25,2810,23400,1.0,0,1,3,1710,1100,Des Moines
1876,6.0,2.75,2630,16411,1.0,0,0,4,1650,980,Redmond
2654,5.0,6.75,9640,13068,1.0,1,4,3,4820,4820,Mercer Island
814,2.0,1.0,830,6017,1.0,0,0,4,830,0,Shoreline
3869,2.0,1.0,1310,7128,1.0,0,0,4,940,370,Kent
2266,4.0,2.5,2580,3909,2.0,0,0,3,2580,0,Kirkland
948,4.0,2.5,2150,12028,2.0,0,0,4,2150,0,Redmond
16,3.0,1.5,1570,6700,1.0,0,0,4,1570,0,Bellevue
2026,3.0,2.0,1970,9600,1.0,0,0,4,1300,670,Federal Way
2020,3.0,1.5,1900,5000,1.5,0,0,3,1640,260,Seattle
3831,3.0,2.0,1470,10052,1.0,0,0,4,1470,0,Seattle
367,3.0,2.5,1750,3354,2.0,0,0,4,1750,0,Kirkland
1406,4.0,2.5,3250,235063,1.0,0,2,3,3250,0,Auburn
3176,4.0,2.5,2341,9594,2.0,0,0,3,2341,0,Redmond
2932,3.0,2.25,2870,8170,2.0,0,0,3,2250,620,Seattle
4348,4.0,1.5,1120,5427,1.0,0,0,3,1120,0,Covington
4421,3.0,2.5,1870,5449,2.0,0,0,3,1870,0,Bothell
4570,2.0,1.75,1530,3503,1.0,0,1,4,830,700,Seattle
4016,3.0,2.25,1450,19206,2.0,0,0,3,1450,0,Sammamish
4189,4.0,2.75,3710,7984,2.0,0,0,3,3710,0,Snoqualmie
1848,3.0,2.5,2660,13367,2.0,0,2,3,2660,0,Yarrow Point
3861,4.0,2.5,2105,6093,2.0,0,0,3,2105,0,Kent
4584,3.0,1.75,1880,10032,1.0,0,0,4,1880,0,Bellevue
3342,3.0,1.0,890,8400,1.0,0,0,4,890,0,Renton
3866,3.0,3.0,1820,1641,3.0,0,0,3,1540,280,Seattle
1935,3.0,3.5,3250,6000,2.0,0,0,3,2500,750,Seattle
3704,3.0,2.0,1270,3600,1.0,0,0,3,1270,0,Seattle
1624,3.0,2.25,1820,8058,1.0,0,0,3,1260,560,Kirkland
3032,4.0,2.5,2580,6260,2.0,0,0,3,2580,0,Renton
4030,4.0,3.25,3770,4103,2.0,0,0,5,2710,1060,Seattle
542,4.0,2.5,2160,6223,2.0,0,0,3,2160,0,Maple Valley
2851,2.0,1.0,1570,8210,1.0,0,0,4,1150,420,Seattle
2725,4.0,4.0,4420,16526,2.0,0,0,3,4420,0,Sammamish
2454,5.0,2.25,4200,5800,2.5,0,0,4,2910,1290,Seattle
1459,3.0,1.5,1430,9600,1.0,0,0,4,1430,0,Renton
1668,3.0,2.0,1720,5525,1.0,0,2,5,960,760,Seattle
1903,3.0,2.0,1710,7225,2.0,0,0,4,1710,0,Federal Way
552,2.0,2.0,1680,4950,1.0,0,0,3,1680,0,Redmond
362,3.0,2.0,1510,43560,1.0,0,0,3,1510,0,Woodinville
549,3.0,3.25,3190,5283,2.0,0,0,3,3190,0,Issaquah
3018,4.0,2.0,2160,6300,1.5,0,1,4,2160,0,Seattle
4544,4.0,2.5,2150,27540,2.0,0,0,3,2150,0,Redmond
3684,3.0,2.5,3180,7904,1.0,0,0,3,1810,1370,Renton
2988,4.0,2.75,3260,4900,2.0,0,0,3,3260,0,Renton
81,4.0,3.0,3690,9892,2.0,0,0,3,3690,0,Sammamish
3332,5.0,3.25,4500,9648,2.0,0,4,4,3000,1500,Seattle
2836,3.0,2.0,1790,42399,1.0,0,0,4,1790,0,Auburn
1730,4.0,1.75,1720,4240,1.5,0,0,4,1460,260,Seattle
4432,5.0,3.5,5960,13703,2.0,0,2,3,4770,1190,Bellevue
3789,3.0,2.5,2375,4094,2.0,0,0,3,2375,0,Redmond
355,3.0,1.75,1980,6760,1.0,0,0,4,1980,0,Bellevue
2936,3.0,2.25,1940,11612,1.0,0,0,4,1100,840,Seattle
2083,4.0,3.25,4420,7850,2.0,1,4,3,3150,1270,Bellevue
2449,2.0,1.0,900,4600,1.0,0,0,3,900,0,Seattle
4282,4.0,2.5,3360,22111,2.0,0,0,3,3360,0,Sammamish
2690,2.0,2.0,1494,19271,2.0,1,4,3,1494,0,Vashon
3362,5.0,2.25,2370,15512,2.0,0,0,4,2370,0,Bellevue
554,3.0,1.0,1090,7315,1.0,0,0,5,1090,0,Renton
3004,7.0,5.5,6630,13782,2.0,0,0,3,4930,1700,Bellevue
693,3.0,1.0,1260,8280,1.0,0,0,3,1260,0,Seattle
3773,4.0,1.0,1580,8475,1.5,0,2,4,1580,0,Seattle
2834,4.0,3.0,2620,18362,1.0,0,0,4,1870,750,Bellevue
649,3.0,1.75,1400,3825,1.5,0,0,4,1100,300,Seattle
4101,4.0,3.5,3440,6000,2.0,0,0,4,3440,0,Normandy Park
1333,3.0,2.5,1440,7741,1.0,0,0,4,1000,440,Kent
3705,4.0,3.5,3400,3850,2.5,0,0,3,2790,610,Seattle
420,4.0,3.0,2163,5883,2.0,0,0,3,2163,0,Algona
2641,3.0,2.5,2890,21780,2.0,0,0,3,2890,0,SeaTac
3897,4.0,2.5,2300,6448,2.0,0,0,3,2300,0,Kent
4224,3.0,2.5,1960,6058,2.0,0,0,3,1960,0,Sammamish
1229,2.0,1.0,1300,44431,1.0,0,0,5,1300,0,Auburn
1089,5.0,4.0,4850,36450,2.0,0,0,3,4850,0,Bellevue
2780,2.0,1.0,1240,6400,1.0,0,1,4,1060,180,Seattle
2754,2.0,1.0,1100,4200,1.0,0,0,3,1100,0,Seattle
2746,3.0,1.75,1270,4800,1.0,0,0,3,1270,0,Seattle
3873,3.0,3.5,4660,5500,2.0,0,4,5,3040,1620,Seattle
4121,3.0,1.0,1320,5000,1.5,0,0,3,1320,0,Seattle
2305,3.0,2.5,2600,7465,2.0,0,0,3,2600,0,Bothell
960,2.0,1.0,1050,60113,1.0,0,0,4,1050,0,Auburn
1164,2.0,1.0,740,11250,1.0,0,0,2,740,0,Seattle
371,3.0,1.5,1260,7964,1.0,0,0,4,1260,0,Des Moines
1306,4.0,1.5,2670,10026,2.0,0,0,3,2670,0,Auburn
3677,4.0,1.75,2010,6300,1.0,0,2,5,1610,400,Seattle
3492,3.0,1.0,1090,6710,1.5,0,0,5,1090,0,Auburn
1575,3.0,3.0,2600,5238,1.5,0,3,3,1890,710,Des Moines
1484,3.0,1.0,1100,10125,1.0,0,0,3,1100,0,Covington
2548,4.0,1.75,1690,4080,1.0,0,0,4,870,820,Seattle
4316,4.0,2.5,2460,4200,2.0,0,0,3,2460,0,Sammamish
1858,5.0,3.25,3410,9088,2.0,0,3,3,2760,650,Seattle
258,3.0,2.5,1920,9180,2.0,0,0,3,1920,0,Renton
769,3.0,1.75,1410,6886,1.0,0,0,3,1410,0,Seattle
2061,4.0,3.5,3010,3600,2.0,0,0,3,2370,640,Seattle
3594,4.0,1.0,1390,18000,1.0,0,0,3,1390,0,Kent
2018,3.0,1.5,1750,12500,1.0,0,0,3,1150,600,Fall City
4130,2.0,2.5,1785,779,2.0,0,0,3,1595,190,Bellevue
114,4.0,1.75,2010,3600,1.5,0,0,3,2010,0,Seattle
1816,3.0,1.75,2880,18296,1.0,0,0,3,1580,1300,Tukwila
1594,3.0,1.0,1220,4800,1.0,0,0,3,1220,0,Seattle
957,4.0,1.75,2450,13300,1.0,0,2,4,1630,820,Bellevue
2973,4.0,4.5,3850,13551,2.0,0,2,3,3000,850,Bellevue
2289,3.0,2.5,1990,3984,2.0,0,0,3,1990,0,Sammamish
3744,3.0,1.5,1300,19163,1.0,0,0,3,1300,0,Redmond
679,2.0,2.0,2370,217800,1.5,0,0,3,1600,770,Issaquah
2325,3.0,1.75,1570,4875,1.0,0,0,4,1310,260,Covington
56,4.0,1.75,2190,125452,1.0,0,2,3,2190,0,Auburn
3300,4.0,3.5,4000,15253,2.0,0,0,3,4000,0,Snoqualmie
1435,3.0,2.5,2690,7000,2.0,0,0,5,1840,850,Seattle
435,5.0,1.75,2320,8100,1.0,0,0,4,1160,1160,Burien
1057,3.0,2.25,1870,3230,2.0,0,0,3,1870,0,Renton
3203,4.0,2.0,2470,5080,1.5,0,0,3,1970,500,Seattle
155,3.0,1.75,1490,8366,1.0,0,0,4,1010,480,Covington
3600,3.0,2.5,2432,9391,2.0,0,2,3,2432,0,Federal Way
2883,4.0,3.5,3820,13224,2.0,0,0,3,3280,540,Bellevue
1016,4.0,1.75,1590,10523,2.0,0,0,4,1590,0,Shoreline
60,4.0,2.5,3310,6500,2.0,0,0,3,3310,0,Snoqualmie
2077,4.0,2.5,1780,4169,2.0,0,0,3,1780,0,Issaquah
782,2.0,1.5,1070,9643,1.0,0,0,3,1070,0,Kent
35,3.0,2.5,3240,33151,2.0,0,2,3,3240,0,Federal Way
428,3.0,2.25,1660,10140,1.0,0,0,4,1370,290,Redmond
4572,6.0,4.5,3830,4800,3.0,0,0,3,3050,780,Seattle
1650,4.0,3.5,3760,5000,2.0,0,0,3,2860,900,Seattle
1060,4.0,2.25,2750,6180,1.0,0,0,4,1500,1250,Seattle
358,4.0,2.5,2280,65836,2.0,0,0,3,2280,0,Woodinville
1123,2.0,1.0,1396,111949,1.0,0,0,3,1396,0,Redmond
4551,2.0,1.0,930,7740,1.0,0,0,3,930,0,Seattle
4183,6.0,3.75,4000,6015,2.0,0,2,3,3080,920,Renton
524,4.0,3.25,2330,9687,2.0,0,3,3,2330,0,Seattle
1200,4.0,2.5,3030,12590,1.5,0,0,4,3030,0,Bellevue
2785,3.0,2.25,1990,6350,2.0,0,0,3,1990,0,Des Moines
3943,2.0,1.0,860,5040,1.0,0,0,3,860,0,Seattle
265,2.0,1.0,820,2723,1.0,0,0,3,820,0,Seattle
3257,2.0,1.0,740,7680,1.0,0,0,4,740,0,Seattle
1585,2.0,1.0,1110,26051,1.0,0,0,3,1110,0,SeaTac
1664,3.0,1.0,960,6634,1.0,0,0,3,960,0,Seattle
1968,3.0,1.75,1700,51649,1.5,0,0,5,1700,0,Renton
1518,4.0,3.25,4700,9160,1.0,0,4,3,2520,2180,Seattle
4393,3.0,1.0,1250,4800,1.0,0,0,4,1250,0,Seattle
4217,3.0,2.0,2783,11177,2.0,0,0,3,2783,0,Seattle
3602,4.0,3.0,2530,10000,2.0,0,0,3,2530,0,Burien
2514,3.0,2.0,1510,6710,1.0,0,0,3,1070,440,Kirkland
336,4.0,2.5,2320,6270,2.0,0,0,3,2320,0,Kent
2596,6.0,2.25,3550,11780,1.0,0,0,4,2960,590,Seattle
4245,4.0,1.75,1820,5015,1.0,0,0,4,1190,630,Seattle
1156,2.0,1.5,840,867,2.0,0,0,3,840,0,Seattle
887,2.0,2.0,1470,3128,2.0,0,0,3,1470,0,Maple Valley
3020,4.0,1.75,1780,2788,1.0,0,0,4,890,890,Seattle
494,4.0,2.5,3040,6887,2.0,0,0,3,3040,0,Sammamish
580,4.0,2.25,2710,38180,2.0,0,0,4,2710,0,Woodinville
1970,3.0,1.75,2340,4206,1.0,0,0,5,1170,1170,Seattle
3823,3.0,1.75,2330,12141,1.0,0,0,3,1390,940,Woodinville
3837,4.0,2.0,2370,76665,2.0,0,0,4,2370,0,Auburn
2479,4.0,2.5,1880,7965,2.0,0,0,3,1880,0,Maple Valley
1189,2.0,2.5,1160,2174,2.0,0,0,3,1160,0,Seattle
3277,3.0,2.0,1410,9600,1.0,0,0,4,1410,0,Woodinville
2652,4.0,2.25,2030,11585,1.0,0,0,4,1590,440,Redmond
1133,3.0,4.0,3880,13095,2.0,0,3,3,3700,180,Kirkland
212,5.0,2.75,1800,3780,1.5,0,0,3,1400,400,Seattle
3842,4.0,2.25,1680,3179,2.0,0,0,3,1680,0,Auburn
1064,3.0,2.75,2100,10362,2.0,0,0,3,1510,590,Snoqualmie Pass
3293,5.0,2.5,2980,5377,2.0,0,0,3,2980,0,Redmond
75,2.0,3.0,1270,1175,2.0,0,0,3,1110,160,Seattle
4059,3.0,1.75,1570,16817,2.0,0,0,3,1570,0,North Bend
1312,3.0,3.0,2980,28000,1.0,0,0,3,1820,1160,Redmond
4219,3.0,1.75,1710,8767,1.0,0,0,4,1710,0,Kirkland
1031,3.0,2.0,2010,251341,2.0,0,0,3,1510,500,Duvall
1004,3.0,2.5,2480,9041,2.0,0,0,3,2480,0,Redmond
247,2.0,2.0,1550,2400,1.5,0,0,4,1550,0,Seattle
1595,3.0,2.25,3060,12095,2.0,0,0,3,3060,0,Bellevue
2159,4.0,2.25,3160,34560,1.0,0,0,4,3160,0,Woodinville
1500,8.0,3.5,4440,6480,2.0,0,3,5,3140,1300,Seattle
1919,4.0,2.25,2740,88426,2.0,0,0,3,2740,0,Issaquah
186,4.0,2.0,2060,5000,1.0,0,0,3,1030,1030,Seattle
3561,3.0,2.5,2610,35000,2.0,0,0,3,2610,0,Woodinville
2015,4.0,2.25,1900,8600,1.0,0,0,4,1900,0,Federal Way
2716,4.0,2.5,2650,11520,2.0,0,0,3,2110,540,Kirkland
2845,3.0,1.5,1470,7200,2.0,0,0,4,1470,0,Seattle
3384,4.0,2.75,2890,6825,1.0,0,0,3,1560,1330,Kirkland
2056,3.0,1.0,1210,103237,1.0,0,0,2,1210,0,Vashon
3489,3.0,2.75,2590,12063,2.0,0,0,3,2590,0,Bellevue
1622,4.0,1.75,2500,92347,1.0,0,0,4,1500,1000,Mercer Island
3571,4.0,2.5,3000,9793,2.0,0,0,3,3000,0,Maple Valley
1075,3.0,1.75,1390,10905,1.0,0,0,3,860,530,Seattle
3512,3.0,1.75,1444,249126,1.5,0,0,3,1444,0,Vashon
4248,4.0,1.0,1440,3600,1.5,0,0,4,1440,0,Seattle
4026,3.0,1.0,1230,6000,1.0,0,0,4,1230,0,Auburn
1781,3.0,2.0,2140,4923,1.0,0,0,4,1070,1070,Seattle
2422,4.0,2.0,2710,4750,1.0,0,0,4,1460,1250,Seattle
1655,3.0,2.5,1960,3480,2.0,0,0,3,1960,0,Renton
3153,3.0,2.75,2810,18731,2.0,1,4,4,2810,0,Redmond
32,4.0,2.0,1820,5000,1.5,0,1,3,1640,180,Seattle
2182,3.0,2.75,2540,4694,2.0,0,0,3,2540,0,Sammamish
1124,4.0,3.25,2780,7875,2.0,0,0,3,2780,0,Seattle
3637,4.0,2.25,2500,4046,1.5,0,0,4,1520,980,Seattle
445,4.0,1.5,1470,70800,1.0,0,0,3,1470,0,Ravensdale
4221,3.0,3.25,1830,1804,3.0,0,0,3,1830,0,Seattle
464,5.0,2.75,3060,7015,1.0,0,0,5,1600,1460,Seattle
2503,3.0,2.0,2910,6600,2.0,0,0,4,1920,990,Seattle
3267,3.0,2.25,2400,5000,1.5,0,0,4,1440,960,Seattle
4576,3.0,3.0,2470,7410,2.0,0,0,5,1860,610,Seattle
3047,4.0,1.5,1150,9360,1.5,0,0,3,1150,0,Kirkland
2179,3.0,2.5,1480,1590,2.0,0,0,3,1150,330,Seattle
1681,4.0,2.25,1990,4600,1.5,0,2,4,1420,570,Seattle
2314,4.0,1.75,1470,5350,1.0,0,0,3,980,490,Seattle
1809,3.0,2.0,2060,4040,1.0,0,0,4,1120,940,Seattle
2800,4.0,3.5,3810,9792,2.0,0,0,3,3810,0,Seattle
3215,4.0,2.5,1890,8505,1.0,0,0,3,1290,600,Redmond
1946,4.0,2.5,1910,5000,2.0,0,0,3,1910,0,Maple Valley
3449,5.0,3.0,3690,49709,1.0,0,2,3,2690,1000,Des Moines
2581,4.0,2.5,2120,9603,2.0,0,0,3,2120,0,Issaquah
243,4.0,1.75,1720,10018,1.0,0,0,5,1720,0,Covington
1704,3.0,1.75,1890,7004,1.0,0,0,3,1290,600,Seattle
401,4.0,2.25,2470,7447,2.0,0,0,3,2470,0,Lake Forest Park
2032,4.0,2.5,2840,9354,2.0,0,0,3,2840,0,Sammamish
1984,4.0,1.75,1660,3800,1.5,0,0,3,1660,0,Seattle
4033,3.0,2.0,2250,7904,1.5,0,0,3,2250,0,Auburn
4565,4.0,2.5,1820,20011,2.0,0,0,3,1820,0,Sammamish
3625,4.0,2.75,2950,15540,1.0,0,0,4,2120,830,Kent
2695,3.0,2.25,2140,11266,2.0,0,0,3,2140,0,Duvall
3388,4.0,2.5,2070,5415,2.0,0,0,3,2070,0,Issaquah
450,3.0,2.5,2000,9202,2.0,0,0,4,2000,0,Maple Valley
1227,2.0,1.0,1300,11867,1.5,0,0,4,1300,0,Ravensdale
3880,4.0,3.5,3390,3979,2.0,0,0,3,2610,780,Seattle
3961,3.0,1.5,1300,7200,1.0,0,0,5,1300,0,Kirkland
3920,3.0,4.0,2080,2250,3.0,0,4,3,2080,0,Seattle
2333,5.0,3.5,4210,17258,2.0,0,3,3,4210,0,Bellevue
471,4.0,4.5,5420,101930,1.0,0,0,3,3890,1530,Redmond
3675,2.0,2.0,1860,10856,1.0,0,0,3,1260,600,Seattle
2819,3.0,3.25,1540,1428,3.0,0,0,3,1540,0,Seattle
1297,3.0,2.0,1220,1186,3.0,0,0,3,1220,0,Seattle
1348,3.0,1.75,1780,13095,1.0,0,0,4,1780,0,Kent
1674,4.0,2.5,2220,7064,2.0,0,0,3,2220,0,Issaquah
3462,4.0,2.5,2480,16360,1.0,0,0,5,1510,970,Kenmore
4000,5.0,1.75,1650,3000,1.5,0,0,3,1650,0,Seattle
1787,3.0,1.75,1810,3000,1.5,0,0,4,1810,0,Seattle
2919,1.0,0.75,380,15000,1.0,0,0,3,380,0,Burien
2809,4.0,2.5,3250,5000,2.0,0,0,3,3250,0,Renton
1833,1.0,0.75,560,12120,1.0,0,0,3,560,0,Carnation
611,5.0,3.25,4860,23723,2.0,0,2,4,3820,1040,Mercer Island
3500,5.0,2.75,2830,8925,1.5,0,0,3,2830,0,Kirkland
1407,4.0,2.0,1930,6600,1.0,0,0,4,1030,900,Burien
2474,3.0,1.5,1210,5240,1.0,0,0,4,610,600,Seattle
3232,3.0,1.0,1050,7577,1.0,0,0,3,1050,0,Federal Way
373,4.0,3.25,3820,24166,2.0,0,1,4,3310,510,Mercer Island
3895,3.0,1.0,1440,11250,1.0,0,0,3,1440,0,Renton
3062,3.0,2.75,1100,750,2.0,0,0,3,780,320,Seattle
3475,3.0,1.0,1140,27760,1.0,0,0,4,1140,0,Issaquah
3944,3.0,2.5,1520,3593,2.0,0,0,3,1520,0,Maple Valley
2122,2.0,1.0,1140,5100,1.0,0,0,3,1140,0,Seattle
3820,3.0,2.25,2080,12134,1.0,0,0,4,1530,550,Redmond
3541,4.0,2.5,2570,4865,2.0,0,0,3,2570,0,Maple Valley
3888,3.0,4.5,3850,62726,2.0,0,0,3,3120,730,Redmond
3524,5.0,2.75,2400,8050,2.0,0,0,3,2400,0,Auburn
2726,3.0,3.25,2770,6278,2.0,0,0,3,1980,790,Renton
3092,3.0,1.0,1150,8145,1.0,0,0,4,990,160,Shoreline
2321,3.0,1.5,1360,9760,1.5,0,0,5,1360,0,North Bend
2991,4.0,3.0,2240,8504,2.0,0,0,3,2240,0,Shoreline
1218,3.0,1.0,1670,4005,1.5,0,0,4,1170,500,Seattle
1776,3.0,2.0,1080,7236,1.0,0,0,5,1080,0,Seattle
1498,5.0,2.0,1940,6000,1.0,0,0,5,970,970,Seattle
3113,3.0,2.5,2260,10153,2.0,0,0,3,2260,0,Sammamish
4256,4.0,1.0,1600,5500,1.5,0,0,4,1600,0,Seattle
4275,4.0,2.5,2540,5001,2.0,0,0,3,2540,0,Seattle
2097,3.0,3.0,2470,36445,2.0,0,0,4,2470,0,Issaquah
1729,2.0,1.0,1140,5720,1.0,0,0,3,850,290,Seattle
540,3.0,2.5,1570,1433,3.0,0,0,3,1570,0,Seattle
110,4.0,1.0,1390,4240,1.0,0,0,3,1050,340,Seattle
1631,5.0,3.75,3990,18897,2.0,0,0,3,3090,900,Seattle
3485,3.0,1.0,1310,9612,1.0,0,0,3,960,350,Auburn
510,2.0,1.0,1290,2828,2.0,0,0,3,1290,0,Redmond
1613,4.0,2.5,2310,3570,1.5,0,0,3,1490,820,Seattle
1995,3.0,2.5,2600,5540,2.0,0,0,3,2600,0,Maple Valley
4044,3.0,2.5,3030,9053,2.0,0,0,3,3030,0,Renton
2045,3.0,1.5,1730,40250,2.0,0,0,4,1730,0,Woodinville
2092,3.0,1.75,1240,8050,1.0,0,0,4,1240,0,Sammamish
3163,5.0,3.25,2910,5027,2.0,0,0,3,2040,870,Seattle
3317,6.0,2.25,3040,28535,1.0,0,0,3,1890,1150,Kent
3903,3.0,1.5,1520,9041,1.0,0,0,4,1520,0,Bellevue
3372,5.0,3.25,3160,5000,2.0,0,2,3,2180,980,Seattle
1719,3.0,1.0,1010,7245,1.0,0,0,3,1010,0,Federal Way
1607,3.0,2.25,1590,11745,1.0,0,0,3,1090,500,Auburn
3970,5.0,2.75,3595,5639,2.0,0,0,3,3595,0,Redmond
78,4.0,2.5,2120,10202,1.0,0,0,4,1620,500,Bellevue
3589,2.0,1.0,910,8155,1.0,0,0,4,910,0,Shoreline
2317,3.0,3.25,1460,1592,2.0,0,0,3,1130,330,Seattle
1996,4.0,1.75,1560,31299,1.0,0,0,4,1560,0,Auburn
4068,3.0,1.0,1350,8700,1.5,0,0,3,1350,0,SeaTac
2874,3.0,1.0,1320,8450,1.0,0,0,3,880,440,Federal Way
313,5.0,2.75,2410,5003,1.0,0,0,3,1410,1000,Seattle
3931,3.0,2.25,1980,10115,1.0,0,0,3,1980,0,Bellevue
1307,2.0,1.0,720,7200,1.0,0,0,5,720,0,Renton
3399,5.0,3.0,2620,5477,2.0,0,0,3,2620,0,Seattle
911,4.0,1.75,2310,8045,1.0,0,0,4,1650,660,Renton
3478,4.0,2.75,1750,5080,1.5,0,0,3,1750,0,Seattle
697,4.0,2.5,3040,24123,2.0,0,0,3,3040,0,Auburn
2386,4.0,1.5,1490,7560,2.0,0,0,3,1490,0,Des Moines
466,4.0,2.0,2520,6000,1.0,0,0,3,1400,1120,Seattle
1019,3.0,2.0,2020,8118,1.0,0,0,3,1020,1000,Bellevue
363,3.0,1.75,950,6000,1.0,0,0,3,790,160,Seattle
3780,3.0,1.75,2530,35150,1.0,0,0,4,1800,730,Kent
1842,3.0,1.5,2060,15837,1.5,0,0,3,2060,0,Renton
1153,3.0,1.5,2320,7500,1.0,0,0,3,2320,0,Duvall
1344,3.0,2.0,1840,4750,1.0,0,0,5,1010,830,Seattle
1360,5.0,4.5,4850,40902,2.0,0,0,3,4850,0,Federal Way
4201,2.0,1.75,1460,7926,1.0,0,0,4,1460,0,Covington
2069,4.0,3.0,3240,5562,2.0,0,0,3,3240,0,Sammamish
3142,4.0,3.0,3520,4895,1.0,0,0,3,1980,1540,Seattle
4136,4.0,3.5,3150,5500,2.0,0,0,3,3150,0,Seattle
4545,4.0,2.75,4230,31747,2.0,0,0,4,4230,0,Woodinville
1524,4.0,1.0,1600,4300,1.5,0,0,4,1600,0,Seattle
1034,3.0,2.25,1970,2377,2.0,0,0,3,1680,290,Seattle
2733,2.0,1.0,790,11234,1.0,0,0,4,790,0,Normandy Park
4593,3.0,2.5,2538,4600,2.0,0,0,3,2538,0,Auburn
4294,4.0,1.75,1520,7700,1.0,0,0,4,1520,0,Kirkland
3802,4.0,2.75,3990,6637,2.0,0,0,3,3990,0,Redmond
83,3.0,2.25,1800,36704,1.0,0,0,4,1360,440,Issaquah
79,3.0,2.5,2490,4343,2.0,0,0,3,2490,0,Issaquah
3359,3.0,2.25,1400,11400,2.0,0,0,3,1400,0,Kenmore
3136,3.0,1.75,1230,9600,1.0,0,0,4,1230,0,Covington
662,4.0,2.5,2010,7226,2.0,0,0,3,2010,0,Auburn
1439,4.0,2.75,3040,2800,2.0,0,0,3,2100,940,Seattle
324,4.0,2.5,2020,6236,2.0,0,0,3,2020,0,Algona
919,3.0,1.75,2200,7706,2.0,0,2,3,2200,0,Des Moines
1440,3.0,1.5,1560,7300,1.0,0,0,4,1040,520,Auburn
4090,3.0,1.75,1200,9085,1.0,0,0,4,1200,0,Federal Way
3856,3.0,2.0,1340,7200,1.5,0,0,4,1340,0,Seattle
3575,3.0,1.75,1780,10409,1.0,0,0,3,1280,500,Renton
2253,4.0,1.75,2440,5000,1.0,0,0,3,1340,1100,Seattle
2376,2.0,1.0,820,10450,1.0,0,0,4,820,0,Renton
808,3.0,2.0,2180,5440,1.0,0,0,5,1100,1080,Seattle
1510,3.0,2.5,2400,9701,1.0,0,0,3,2400,0,Federal Way
3244,3.0,2.25,1670,7881,1.0,0,0,4,1190,480,Kent
3105,2.0,1.0,860,2599,1.0,0,0,4,860,0,Seattle
4128,4.0,1.75,1920,7700,2.0,0,0,4,1920,0,Newcastle
2576,6.0,1.75,1840,2774,1.0,0,0,3,1060,780,Seattle
3329,4.0,2.25,1830,6136,2.0,0,0,3,1830,0,Kent
656,3.0,1.75,1830,5120,1.5,0,2,5,1830,0,Seattle
3070,3.0,2.5,2430,15264,2.0,0,0,3,2430,0,Kent
1921,3.0,2.5,2437,5136,2.0,0,0,3,2437,0,Auburn
1442,3.0,1.0,1100,4600,1.0,0,0,3,1100,0,Seattle
749,3.0,2.25,1590,7748,2.0,0,0,4,1590,0,Federal Way
858,2.0,2.0,1420,9191,1.5,0,2,5,1420,0,Seattle
1803,5.0,2.5,2070,12000,1.0,0,0,4,1340,730,Bellevue
3627,4.0,2.5,3500,7048,2.0,0,0,3,3500,0,Redmond
4108,3.0,2.75,3176,13391,2.0,0,3,4,2726,450,Federal Way
3672,2.0,1.0,1320,9967,1.0,0,0,3,940,380,Seattle
844,5.0,2.5,3200,6455,2.0,0,0,3,3200,0,Snoqualmie
833,5.0,1.75,1730,5200,1.0,0,0,4,1050,680,Covington
2927,2.0,1.0,1020,5130,1.0,0,0,4,1020,0,Auburn
1614,3.0,1.75,1510,44000,1.0,0,0,3,1240,270,North Bend
3356,3.0,2.25,1270,1406,2.0,0,0,3,1060,210,Seattle
213,3.0,1.75,1900,5520,1.0,0,0,3,1280,620,Seattle
2520,4.0,2.75,2450,4187,2.0,0,2,3,2450,0,Issaquah
1130,5.0,3.75,5330,6000,2.0,0,2,3,3570,1760,Issaquah
131,3.0,2.0,1550,15040,1.0,0,0,4,1550,0,Renton
3087,4.0,1.75,1450,8891,1.5,0,0,3,1180,270,Tukwila
439,3.0,1.0,1360,9948,1.0,0,0,3,1360,0,Black Diamond
4587,2.0,1.0,770,8149,1.0,0,0,3,770,0,Shoreline
4209,4.0,2.5,2920,5500,1.0,0,3,3,2030,890,Seattle
2421,3.0,2.25,1710,4140,2.0,0,0,3,1710,0,Issaquah
2524,3.0,2.0,1900,8100,1.0,0,0,4,950,950,Seattle
3467,3.0,1.75,1580,6620,1.0,0,0,3,1580,0,Federal Way
2952,4.0,2.0,2200,7700,1.0,0,0,3,1100,1100,Renton
1609,4.0,2.5,3190,11375,1.0,0,0,5,2210,980,Seattle
853,3.0,2.5,2130,3500,1.0,0,0,4,1210,920,Woodinville
448,4.0,2.5,1930,9653,1.0,0,0,4,1930,0,Federal Way
4307,3.0,2.0,2320,10960,1.0,0,0,3,1510,810,Bellevue
4065,3.0,2.25,1820,9670,2.0,0,0,3,1820,0,Redmond
2177,2.0,1.5,1340,1210,2.0,0,0,3,1120,220,Seattle
4094,2.0,1.0,880,4000,1.0,0,0,3,880,0,Seattle
1727,3.0,1.5,1320,13200,1.0,0,0,3,1320,0,Renton
103,4.0,2.5,2370,6500,2.0,0,0,3,2370,0,Auburn
4181,3.0,1.0,1240,3500,1.0,0,0,4,1240,0,Seattle
3132,4.0,2.5,2540,8400,2.0,0,0,5,2540,0,Kent
2832,3.0,1.0,1320,3625,2.0,0,0,3,1320,0,Seattle
523,3.0,2.0,2700,6120,1.0,0,0,4,1350,1350,Seattle
3017,4.0,2.25,2330,8994,2.0,0,0,3,2330,0,Redmond
1102,4.0,2.5,3290,11446,2.0,0,0,3,3290,0,Kenmore
1821,3.0,3.25,2780,4002,2.0,0,0,3,2780,0,Duvall
1415,3.0,3.0,1296,1051,3.0,0,0,3,1296,0,Seattle
165,4.0,2.5,1890,6156,1.0,0,0,3,980,910,Seattle
3,3.0,2.25,2000,8030,1.0,0,0,4,1000,1000,Bellevue
3308,3.0,2.5,1790,8144,2.0,0,0,3,1790,0,Sammamish
907,3.0,1.75,1610,12247,1.0,0,0,3,1610,0,Renton
2662,4.0,3.5,2650,3060,2.0,0,0,3,2060,590,Seattle
2397,3.0,2.75,1900,6400,1.0,0,0,5,1410,490,Seattle
4169,4.0,3.5,3550,11000,1.0,0,2,3,2260,1290,Bellevue
3542,2.0,1.0,940,5040,1.0,0,0,3,940,0,Seattle
2419,4.0,2.5,1770,5855,2.0,0,0,3,1770,0,Maple Valley
3189,3.0,1.5,1460,8710,1.0,0,0,3,1460,0,Burien
1860,4.0,1.75,1650,7800,1.0,0,0,3,1650,0,Renton
3770,5.0,5.5,5190,12637,2.0,0,2,3,5190,0,Snoqualmie
3324,3.0,1.0,1090,3264,1.0,0,0,4,1090,0,Auburn
2555,3.0,1.5,1510,8000,1.0,0,0,4,1510,0,Bellevue
3383,3.0,1.0,1150,11802,1.0,0,0,4,1150,0,Seattle
1741,3.0,1.75,1370,3850,1.0,0,0,5,770,600,Seattle
2499,3.0,2.0,2250,8800,1.0,0,0,4,1250,1000,Seattle
395,2.0,1.0,960,28717,1.0,0,0,4,960,0,Vashon
625,3.0,2.5,1450,5008,1.0,0,0,3,840,610,Seattle
695,4.0,3.25,3200,7081,2.0,0,0,3,3200,0,Sammamish
947,4.0,1.75,1280,6060,1.0,0,0,3,860,420,Seattle
761,3.0,1.0,1060,5200,1.0,0,0,5,1060,0,Covington
3430,3.0,2.25,1780,10395,1.0,0,0,3,1780,0,Renton
2739,3.0,1.75,2040,6000,1.0,0,0,5,1120,920,Seattle
2311,4.0,2.5,2180,7203,2.0,0,0,4,2180,0,Renton
1383,3.0,1.0,910,5250,1.0,0,0,4,910,0,Burien
2228,4.0,1.75,1720,8750,1.0,0,0,3,860,860,Kirkland
1443,3.0,1.0,1700,6356,1.5,0,0,3,1700,0,Seattle
2894,3.0,2.5,2840,48716,1.0,0,3,3,1870,970,Carnation
2831,4.0,2.25,2160,9593,1.0,0,0,3,2160,0,Bellevue
1401,4.0,2.5,2340,5600,2.0,0,0,3,2340,0,Seattle
645,3.0,2.75,1850,9600,1.5,0,0,5,1850,0,Kirkland
4403,4.0,2.5,3430,64441,2.0,0,0,3,3430,0,Woodinville
3863,4.0,3.25,4040,18916,1.0,0,0,4,4040,0,Medina
4536,3.0,1.0,990,9798,1.0,0,0,3,990,0,Woodinville
1882,3.0,1.75,1670,9600,1.0,0,0,5,1670,0,Mercer Island
771,3.0,1.75,1960,8136,1.0,0,0,3,980,980,Seattle
4326,4.0,2.75,3150,67518,1.0,0,0,4,2250,900,Auburn
51,3.0,1.75,2910,35200,1.5,0,0,3,2910,0,Sammamish
2598,4.0,2.75,2610,4160,3.0,0,0,5,1910,700,Seattle
2541,3.0,3.5,3380,108900,2.0,0,0,3,2700,680,Renton
2649,4.0,1.0,1720,2800,1.5,0,0,4,1200,520,Seattle
2822,4.0,1.75,1530,8750,1.5,0,0,4,1530,0,Renton
3954,3.0,2.5,2610,6405,2.0,0,0,3,2610,0,Snoqualmie
1375,3.0,1.0,960,8100,1.0,0,0,3,960,0,Shoreline
1121,2.0,1.0,970,13700,1.0,0,0,3,970,0,Seattle
4355,4.0,2.5,2800,5900,1.0,0,0,3,1660,1140,Seattle
3041,3.0,1.75,1560,7207,1.0,0,0,3,1250,310,Kirkland
1035,4.0,2.75,3160,8097,2.0,0,0,3,3160,0,Kirkland
2451,4.0,2.25,2010,7575,1.0,0,0,3,1220,790,Kirkland
2286,5.0,4.5,10040,37325,2.0,1,2,3,7680,2360,Bellevue
2145,2.0,1.0,1000,31505,1.0,0,0,3,1000,0,Duvall
2827,2.0,1.0,1260,4377,1.0,0,0,4,1260,0,Seattle
1250,3.0,1.5,1110,9762,1.0,0,0,4,1110,0,Redmond
111,4.0,2.75,2310,5000,2.0,0,0,3,2310,0,Maple Valley
3268,3.0,2.5,2280,6031,2.0,0,0,3,2280,0,Duvall
183,5.0,2.5,2240,7770,1.0,0,0,3,1340,900,Kirkland
2517,5.0,2.75,2920,11880,1.0,0,0,5,1660,1260,Issaquah
3316,3.0,1.5,1190,4750,1.0,0,0,3,970,220,Seattle
613,3.0,1.0,1390,12823,1.0,0,0,4,1390,0,Woodinville
3849,4.0,1.75,1880,3720,1.5,0,0,4,1880,0,Seattle
3946,5.0,2.5,3580,8921,2.0,0,0,3,3580,0,Kirkland
1706,4.0,2.5,2430,14400,1.0,0,0,5,1670,760,Bellevue
1557,3.0,2.0,1480,5000,1.0,0,0,4,750,730,Seattle
4512,3.0,1.75,1150,8079,1.0,0,0,4,1150,0,Kent
1711,3.0,2.0,1810,4064,1.5,0,0,3,1810,0,Seattle
1178,2.0,1.0,1400,4500,1.0,0,0,3,900,500,Renton
2129,4.0,2.5,2330,9928,2.0,0,0,3,2330,0,North Bend
2532,4.0,2.25,1760,9602,2.0,0,0,3,1760,0,Renton
397,4.0,3.0,3750,11025,2.0,0,0,3,3750,0,Sammamish
1291,3.0,2.0,1830,9152,1.0,0,0,5,1830,0,Bellevue
3661,5.0,4.25,4830,8050,2.5,0,2,4,3710,1120,Seattle
3458,3.0,2.5,2490,4000,2.0,0,0,5,1670,820,Seattle
1630,3.0,1.0,1200,9800,1.0,0,0,4,1200,0,Woodinville
3096,3.0,1.0,1080,6000,1.0,0,0,4,1080,0,Shoreline
2993,3.0,2.25,2060,9552,1.0,0,0,4,1610,450,Mercer Island
4175,4.0,2.5,1980,6660,2.0,0,0,4,1980,0,Kirkland
1289,3.0,2.0,1490,8371,1.5,0,0,3,1490,0,Kent
3915,4.0,2.5,1890,6962,2.0,0,0,3,1890,0,Auburn
3412,3.0,2.5,1980,13964,1.0,0,0,5,1980,0,Mercer Island
1743,3.0,1.75,1250,6041,1.5,0,0,5,1250,0,Seattle
2136,2.0,1.0,910,4635,1.0,0,0,4,910,0,Seattle
2086,3.0,2.75,3400,7200,2.0,0,2,3,2470,930,Renton
3693,4.0,2.5,3670,7680,2.5,0,0,3,3670,0,Issaquah
3772,2.0,1.0,910,2002,1.5,0,0,3,910,0,Seattle
571,4.0,2.5,3740,8700,1.0,0,0,3,2260,1480,Renton
4597,3.0,2.5,3010,7014,2.0,0,0,3,3010,0,Renton
4283,5.0,4.25,6070,171626,2.0,0,0,3,6070,0,Fall City
3884,4.0,2.5,2890,7798,2.0,0,0,3,2890,0,Bellevue
2982,3.0,2.25,1860,11227,2.0,0,0,3,1860,0,Maple Valley
3366,3.0,1.75,1900,11165,1.0,0,0,4,1900,0,Bellevue
2309,3.0,1.75,1720,5899,1.0,0,1,3,1220,500,Seattle
3338,3.0,2.5,2420,7307,2.0,0,0,3,2420,0,Snoqualmie
4116,3.0,2.25,1940,5980,1.0,0,0,3,1520,420,Issaquah
4347,4.0,1.0,2100,9200,1.0,0,0,3,1050,1050,Tukwila
1534,4.0,2.5,2920,9904,2.0,0,0,4,2920,0,Issaquah
4334,3.0,1.0,950,9400,1.0,0,0,4,950,0,Bellevue
2647,4.0,2.5,1800,8100,2.0,0,0,3,1800,0,Maple Valley
1874,4.0,2.5,4060,9734,1.0,0,4,3,2150,1910,Kenmore
356,6.0,3.0,3510,5760,2.5,0,0,4,3510,0,Seattle
608,4.0,1.75,2180,13529,1.0,0,0,3,1090,1090,Lake Forest Park
2742,4.0,2.5,4270,43386,1.0,0,0,3,2680,1590,Redmond
239,3.0,2.75,2520,5401,1.0,0,0,4,1360,1160,Seattle
3271,2.0,1.5,830,1119,2.0,0,0,3,830,0,Seattle
4511,3.0,2.5,2650,40705,2.0,0,0,3,2650,0,Redmond
282,2.0,1.0,1640,17335,1.0,0,0,3,840,800,Redmond
2167,3.0,2.5,1960,4400,2.0,0,0,3,1960,0,Snoqualmie
4054,3.0,2.25,1900,46609,1.5,0,0,4,1440,460,Woodinville
3924,3.0,2.5,2780,33503,1.5,0,1,4,2110,670,Sammamish
3437,6.0,3.5,3600,6875,2.0,0,0,3,2740,860,Snoqualmie
1814,3.0,1.0,1110,7962,1.0,0,0,3,1110,0,Seattle
2799,5.0,2.25,1870,11411,1.0,0,0,4,1170,700,Lake Forest Park
4167,3.0,1.5,1950,15954,1.0,0,0,4,1950,0,Federal Way
374,3.0,2.5,1540,1614,3.0,0,0,3,1470,70,Seattle
3525,3.0,1.0,1520,213444,1.5,0,3,5,1520,0,Renton
4449,4.0,2.25,2290,5350,2.0,0,0,4,2120,170,Seattle
3115,4.0,2.5,2620,4469,2.0,0,0,3,2620,0,Covington
1937,4.0,2.75,2440,15349,2.0,0,1,4,2440,0,Des Moines
1321,3.0,1.5,1690,9144,1.0,0,0,4,1140,550,Kenmore
1125,6.0,2.0,2220,8797,1.0,0,0,3,2220,0,Auburn
2511,3.0,2.25,1410,1287,2.0,0,0,3,1290,120,Issaquah
1527,6.0,2.5,4410,14034,1.0,0,2,4,2350,2060,Federal Way
3739,5.0,2.5,3290,5029,2.0,0,0,3,3290,0,Sammamish
3206,4.0,1.75,2320,3825,1.5,0,0,5,1820,500,Seattle
4087,4.0,2.5,1920,8562,2.0,0,2,4,1920,0,Enumclaw
729,4.0,2.5,2150,6807,2.0,0,0,4,2150,0,Kent
2458,4.0,2.5,2700,10814,1.0,0,0,4,1560,1140,Kent
2495,3.0,2.5,4310,32093,1.5,0,4,5,2510,1800,Shoreline
1391,3.0,1.0,900,7500,1.0,0,0,4,900,0,Kirkland
4315,4.0,2.0,1470,8395,1.0,0,0,4,1470,0,Bellevue
1408,4.0,3.5,3400,234352,2.0,0,0,3,2500,900,Vashon
3272,4.0,2.5,2440,4850,2.0,0,0,3,2440,0,Redmond
3137,3.0,2.0,1340,8505,1.0,0,0,3,1340,0,SeaTac
4543,3.0,2.5,1150,887,3.0,0,0,3,1150,0,Seattle
3239,4.0,3.5,3920,37122,2.0,0,0,3,3920,0,Redmond
2915,3.0,2.75,1910,7280,1.0,0,0,3,1160,750,Kirkland
3344,5.0,2.25,2140,7910,1.0,0,0,3,1070,1070,Bellevue
2264,6.0,3.75,2930,14980,2.0,0,3,3,2930,0,Bellevue
382,3.0,1.75,1410,1197,3.0,0,0,3,1410,0,Seattle
4125,4.0,2.5,2250,11370,2.0,0,0,3,2250,0,Kirkland
4506,2.0,1.0,940,9839,1.0,0,0,3,940,0,Seattle
3982,2.0,2.0,1240,2500,2.0,0,0,3,1240,0,Seattle
2589,4.0,2.5,1740,7500,1.0,0,0,4,1220,520,Redmond
1502,3.0,1.75,1310,9645,1.0,0,0,3,1310,0,SeaTac
4289,4.0,2.75,2600,36583,1.0,0,0,5,1580,1020,Sammamish
4279,3.0,2.25,1390,1484,3.0,0,0,3,1390,0,Seattle
1320,3.0,1.0,1140,8800,1.0,0,0,3,1140,0,Auburn
4185,3.0,2.5,1590,3411,2.0,0,0,3,1590,0,Snoqualmie
1233,3.0,1.0,1280,2580,1.5,0,0,3,1280,0,Seattle
2236,3.0,1.75,1520,8625,1.0,0,0,3,1520,0,Bothell
3882,4.0,2.75,2620,6178,2.0,0,0,3,2620,0,North Bend
681,4.0,2.5,2470,33305,2.0,0,0,3,2470,0,Redmond
3864,5.0,2.5,2160,7737,2.0,0,0,3,2160,0,Snoqualmie
1274,3.0,1.75,1120,5500,1.5,0,0,4,1120,0,Seattle
2789,4.0,1.75,1770,9375,1.0,0,0,4,1170,600,Redmond
2364,5.0,4.25,4860,9453,1.5,0,1,5,3100,1760,Seattle
3286,4.0,3.5,3770,37034,2.0,0,0,3,2830,940,Bellevue
3523,2.0,1.0,1110,3200,1.0,0,0,3,1110,0,Seattle
123,3.0,2.5,1880,7838,2.0,0,0,3,1880,0,Renton
2634,4.0,4.25,3010,4887,2.0,0,3,4,1940,1070,Seattle
2922,4.0,2.5,1890,12236,1.0,0,0,3,1230,660,North Bend
660,4.0,1.75,2010,8625,1.0,0,0,4,1340,670,Shoreline
1796,3.0,2.5,2600,7210,2.0,0,0,3,2600,0,Renton
2579,3.0,1.5,1760,6723,1.0,0,0,3,1160,600,Seattle
2303,1.0,1.75,750,20339,1.0,0,0,4,550,200,Renton
3102,5.0,2.0,2130,4180,1.5,0,0,5,1270,860,Seattle
2710,3.0,1.0,1320,7000,1.0,0,0,4,1320,0,Auburn
1960,4.0,3.0,1980,7931,1.0,0,0,4,1160,820,Shoreline
4266,3.0,2.0,2660,192099,1.0,0,0,4,2660,0,Enumclaw
230,5.0,2.25,2060,8632,1.0,0,0,3,1030,1030,Burien
901,4.0,1.5,1310,8250,1.0,0,0,3,1060,250,Des Moines
4052,4.0,4.0,3010,7221,2.0,0,0,3,3010,0,Sammamish
765,4.0,1.75,2290,10290,1.0,0,0,3,1340,950,Seattle
1409,3.0,2.5,1590,2550,3.0,0,0,3,1590,0,Seattle
4114,4.0,2.5,3180,31931,1.0,0,0,4,2390,790,Bellevue
2428,4.0,1.75,1870,5200,2.0,0,0,4,1200,670,Seattle
4082,3.0,2.5,3830,48743,2.0,0,0,3,3830,0,Bellevue
1745,3.0,1.75,1620,4200,1.0,0,0,5,830,790,Seattle
2912,4.0,2.5,2650,6884,2.0,0,0,3,2650,0,Redmond
3336,3.0,1.75,1640,10695,1.0,0,2,3,1640,0,Kirkland
787,3.0,1.75,1560,4049,1.5,0,2,3,1000,560,Seattle
2149,2.0,1.75,1060,1241,2.0,0,0,3,960,100,Seattle
4314,4.0,2.25,1740,8449,1.0,0,0,4,1170,570,Bellevue
4291,3.0,1.0,1470,6500,1.0,0,0,4,1470,0,Burien
3987,6.0,3.5,3000,8401,1.0,0,0,3,1500,1500,Seattle
421,5.0,3.0,3480,57499,1.0,0,0,4,2340,1140,Issaquah
624,4.0,2.5,2790,5602,2.0,0,0,3,2790,0,Renton
2925,2.0,2.0,1680,5756,2.0,0,0,4,1680,0,Auburn
4018,5.0,2.5,2860,68519,2.0,0,0,5,2860,0,Snoqualmie
4562,5.0,2.75,2520,16100,1.0,0,3,4,1570,950,Mercer Island
1873,5.0,2.75,2660,8737,1.0,0,4,5,1470,1190,Bellevue
2614,4.0,3.25,3450,6184,2.0,0,0,3,3450,0,Sammamish
2338,4.0,2.5,2810,10986,2.0,0,0,3,2810,0,Sammamish
2138,4.0,3.5,3730,15029,2.0,0,2,3,2440,1290,Kent
798,3.0,1.75,1726,197326,2.0,0,0,4,1726,0,Vashon
1870,3.0,1.0,1210,7440,1.0,0,0,3,1210,0,Shoreline
2007,4.0,2.5,2658,3960,2.0,0,0,3,2658,0,Auburn
2571,3.0,1.75,1750,12325,1.0,0,0,4,1470,280,Redmond
626,4.0,1.75,1620,4980,1.0,0,0,4,860,760,Seattle
495,5.0,3.0,4530,258746,1.5,0,0,4,3200,1330,Woodinville
4095,2.0,1.0,1020,7920,1.0,0,0,3,1020,0,Seattle
4132,5.0,2.75,3500,5040,2.0,0,2,3,2950,550,Seattle
1616,4.0,2.25,2060,8470,1.0,0,0,3,1440,620,Bellevue
1782,3.0,1.75,1660,9600,1.0,0,0,3,1380,280,Bothell
2206,5.0,3.0,2830,7500,2.0,0,0,3,2460,370,Seattle
1890,4.0,1.75,2020,7029,1.0,0,0,4,1430,590,Redmond
790,2.0,1.0,2020,7200,1.0,0,3,4,1700,320,Seattle
2557,4.0,2.0,1580,9581,1.0,0,0,3,1580,0,Kirkland
7,4.0,2.5,2710,35868,2.0,0,0,3,2710,0,Maple Valley
2414,3.0,2.0,1769,9300,1.0,0,0,4,1769,0,Normandy Park
3390,2.0,2.25,1350,1493,2.0,0,0,3,1050,300,Seattle
4433,2.0,1.0,810,4800,1.0,0,0,3,810,0,Seattle
2276,2.0,1.0,1350,10096,1.0,0,2,4,1350,0,North Bend
2960,4.0,2.5,2550,4770,2.0,0,0,3,2550,0,Maple Valley
4080,3.0,2.25,2760,10160,1.0,0,0,3,2760,0,Renton
417,3.0,1.0,1160,8320,1.0,0,0,4,1160,0,Kent
3278,3.0,2.0,1410,5760,1.0,0,0,3,1410,0,Kent
742,4.0,1.75,1890,8000,1.0,0,0,4,1250,640,Shoreline
2127,4.0,2.5,2800,12831,2.0,0,0,3,2800,0,Duvall
1214,3.0,2.25,1280,959,3.0,0,0,3,1280,0,Seattle
492,3.0,2.5,2920,34527,1.0,0,4,4,1800,1120,Seattle
3593,4.0,2.5,3060,6000,2.0,0,0,3,3060,0,Maple Valley
1909,3.0,2.5,2060,4399,2.0,0,0,3,2060,0,Snoqualmie
1169,4.0,2.75,2570,7264,2.0,0,0,3,1720,850,Auburn
2608,2.0,1.0,830,26329,1.0,1,3,4,830,0,Vashon
3000,2.0,1.0,840,4239,1.0,0,0,3,840,0,Seattle
1342,3.0,1.75,1980,8100,1.0,0,0,4,1310,670,Shoreline
824,3.0,2.5,2370,7875,2.0,0,0,3,2370,0,Snoqualmie
4146,3.0,1.0,1180,8240,1.0,0,0,4,1180,0,Federal Way
4025,3.0,2.5,2040,10086,2.0,0,0,3,2040,0,Redmond
4012,2.0,2.0,1580,5750,1.0,0,0,5,790,790,Seattle
1481,4.0,2.5,3150,7277,2.0,0,0,3,3150,0,Renton
1904,3.0,1.75,1840,5101,1.0,0,0,5,1040,800,Seattle
3216,3.0,1.75,2200,9840,1.0,0,0,5,1500,700,Bellevue
4461,3.0,2.0,1330,8100,1.0,0,0,4,1330,0,Kirkland
4302,4.0,2.5,2700,6515,2.0,0,0,3,2700,0,Renton
4074,3.0,1.5,1520,7123,1.0,0,0,4,1520,0,Renton
3836,5.0,1.0,1590,6700,1.5,0,0,3,1090,500,Seattle
4514,4.0,2.5,3490,5000,2.0,0,0,3,3490,0,Covington
3799,3.0,2.5,2390,1984,2.0,0,0,3,2220,170,Issaquah
1024,4.0,2.0,1700,6025,1.0,0,0,3,1700,0,Auburn
2461,4.0,2.75,3650,48351,1.5,0,0,4,3650,0,Woodinville
592,3.0,1.75,2340,10495,1.0,0,0,4,2340,0,Mercer Island
4001,4.0,2.5,2400,6137,2.0,0,0,3,2400,0,Sammamish
4202,4.0,3.75,4260,9800,2.0,0,0,3,4260,0,Kirkland
2022,3.0,1.0,1560,14333,1.0,0,0,4,1560,0,Normandy Park
1107,4.0,2.5,3240,3600,2.0,0,0,3,2060,1180,Seattle
3825,3.0,2.25,1920,7738,1.0,0,0,3,1520,400,Burien
3226,4.0,1.75,1850,6000,1.0,0,0,4,1270,580,Seattle
2508,3.0,2.25,1400,3814,2.0,0,0,3,1400,0,Covington
3420,3.0,1.5,1490,4400,1.5,0,0,4,1490,0,Seattle
1797,3.0,2.25,1870,9000,1.0,0,0,3,1440,430,Bothell
3936,2.0,2.75,1350,1252,2.0,0,0,3,1120,230,Seattle
127,2.0,1.0,1140,5250,1.5,0,0,4,1140,0,Seattle
4197,4.0,2.75,2910,6308,1.0,0,0,3,1640,1270,Bothell
4360,3.0,2.25,1970,11088,1.0,0,0,4,1180,790,Lake Forest Park
2437,2.0,2.25,1170,1011,2.0,0,0,3,1170,0,Issaquah
403,4.0,2.0,1650,6000,1.0,0,0,5,1000,650,Seattle
150,4.0,2.5,2450,4247,2.0,0,0,3,2450,0,Redmond
4496,4.0,1.75,1580,5340,1.0,0,0,3,1130,450,Seattle
2394,3.0,2.0,2420,17859,1.0,0,1,5,1500,920,Kirkland
1437,3.0,2.5,1550,12920,2.0,0,0,5,1550,0,Kirkland
1629,5.0,3.5,4180,17935,2.0,0,0,3,4180,0,Bellevue
2444,3.0,1.75,1840,8601,1.0,0,0,3,920,920,Seattle
2442,3.0,1.0,1340,11070,1.0,0,0,4,1340,0,Kent
62,4.0,3.25,2730,54014,1.0,0,0,3,1560,1170,Renton
2336,2.0,1.0,720,6686,1.0,0,0,3,720,0,Seattle
2256,3.0,1.0,920,9812,1.0,0,0,4,920,0,Auburn
2544,4.0,2.5,2050,6360,2.0,0,0,3,2050,0,Issaquah
2400,2.0,1.0,1430,3000,1.5,0,0,3,1300,130,Seattle
95,5.0,2.75,2740,8426,1.0,0,0,4,1370,1370,Bellevue
3697,4.0,3.25,3530,8589,2.0,0,0,3,3530,0,Kirkland
3643,2.0,1.0,930,7623,1.0,0,0,2,930,0,Burien
3109,6.0,2.5,2890,8122,1.0,0,0,3,1630,1260,Bellevue
3557,5.0,2.5,2500,7200,1.0,0,0,4,1490,1010,Redmond
959,4.0,2.25,2260,41984,1.0,0,0,4,2260,0,Kirkland
2191,4.0,2.5,1960,7133,2.0,0,0,3,1960,0,Renton
3461,4.0,1.75,1720,6975,1.0,0,0,3,1420,300,Redmond
3230,3.0,1.75,1840,11440,1.0,0,0,4,1340,500,Renton
3976,3.0,1.0,1100,8560,1.0,0,0,3,1100,0,Federal Way
1576,2.0,1.0,1320,1824,1.5,0,0,4,1320,0,Seattle
3632,2.0,1.75,1510,4980,1.0,0,0,3,1510,0,Redmond
3989,4.0,2.25,1995,7102,2.0,0,0,4,1995,0,Federal Way
3590,1.0,1.0,700,2500,1.0,0,0,4,700,0,Seattle
3285,3.0,2.5,1860,8060,2.0,0,0,4,1860,0,Issaquah
2153,3.0,1.75,1760,10780,1.0,0,0,3,1760,0,Bellevue
236,3.0,2.5,1600,7000,2.0,0,0,4,1600,0,Maple Valley
3676,3.0,1.0,960,8855,1.0,0,0,4,960,0,Shoreline
222,3.0,2.5,1480,1171,3.0,0,0,3,1480,0,Seattle
4434,4.0,2.75,2320,4344,2.0,0,0,3,2320,0,Renton
2393,4.0,2.5,3280,27441,2.0,0,0,3,3280,0,Redmond
1810,2.0,2.5,1140,1182,3.0,0,0,3,1140,0,Seattle
120,4.0,1.75,1970,9389,1.0,0,0,5,1140,830,Shoreline
1685,4.0,2.0,1850,7560,1.0,0,0,4,1540,310,Kent
2636,3.0,2.5,2970,21907,2.0,0,0,3,2970,0,Renton
4598,4.0,2.0,2090,6630,1.0,0,0,3,1070,1020,Seattle
2380,3.0,1.75,1800,6000,1.0,0,0,5,900,900,Shoreline
3134,4.0,2.5,3220,7875,1.5,0,0,4,3220,0,Bellevue
2639,3.0,1.75,2240,78225,2.0,0,0,5,2240,0,Vashon
3883,3.0,2.5,2242,4500,2.0,0,0,3,2242,0,Auburn
193,4.0,2.25,3490,6906,2.0,0,0,4,2280,1210,Seattle
2283,2.0,1.5,1295,1093,2.0,0,0,3,1105,190,Seattle
181,2.0,2.25,1230,929,2.0,0,0,3,1020,210,Seattle
2676,3.0,1.75,2180,7700,1.0,0,0,3,1480,700,Shoreline
389,3.0,2.25,1640,11050,1.0,0,0,4,1640,0,Renton
968,4.0,1.0,1320,4440,1.5,0,0,3,1320,0,Seattle
627,3.0,1.5,1220,1086,3.0,0,0,3,1220,0,Seattle
1545,3.0,2.25,2330,4000,1.5,0,2,5,1520,810,Seattle
669,2.0,1.75,1250,34395,1.0,0,0,4,1250,0,Federal Way
4035,3.0,2.5,1720,3012,2.0,0,0,3,1720,0,Seattle
3996,3.0,1.5,1640,7222,2.0,0,0,4,1640,0,Seattle
3891,4.0,1.75,2600,11325,1.0,0,0,4,1610,990,Kent
2738,4.0,2.5,3640,10576,2.0,0,0,3,3640,0,Sammamish
4492,3.0,1.75,1760,12874,1.0,0,0,4,1230,530,Bellevue
3454,4.0,2.75,2880,4000,1.5,0,0,3,2100,780,Seattle
1365,5.0,3.0,2840,7199,1.0,0,0,3,1710,1130,Tukwila
1394,3.0,1.0,1200,6250,1.0,0,0,3,920,280,Seattle
331,4.0,1.5,2130,8800,1.0,0,0,3,1100,1030,Kent
614,3.0,2.0,1350,14200,1.0,0,0,3,1350,0,Duvall
1286,2.0,1.0,800,6380,1.0,0,2,3,800,0,Seattle
3078,3.0,1.75,1610,8613,1.0,0,0,5,1610,0,Kirkland
266,5.0,2.5,2420,8560,1.0,0,2,3,1620,800,Seattle
3841,4.0,2.5,2050,5787,2.0,0,0,3,2050,0,Des Moines
3110,3.0,1.75,1300,12731,1.0,0,0,3,1300,0,Sammamish
1932,3.0,2.75,2390,9966,1.0,0,0,5,1360,1030,Bellevue
2199,2.0,1.75,1490,224334,1.0,0,2,3,1490,0,Auburn
2593,2.0,1.0,1200,4880,1.0,0,0,3,980,220,Seattle
3190,3.0,1.75,1330,13102,1.0,0,0,3,1330,0,Federal Way
1807,2.0,1.75,1220,5000,1.0,0,0,5,860,360,Renton
3724,4.0,3.25,4350,112750,1.0,0,0,3,2200,2150,Issaquah
225,4.0,3.25,3569,8327,2.0,0,0,3,3569,0,Renton
4171,4.0,2.75,2910,18700,1.0,0,0,3,2210,700,Shoreline
105,4.0,2.5,2910,6479,2.0,0,0,3,2910,0,Snoqualmie
2413,4.0,2.5,2140,7245,2.0,0,0,3,2140,0,Seattle
1508,3.0,3.75,3890,7140,1.0,0,2,3,2390,1500,Seattle
4553,4.0,2.5,2540,38677,2.0,0,0,3,2540,0,Redmond
630,4.0,1.75,1900,8250,1.0,0,0,4,950,950,Bellevue
2731,6.0,5.0,6050,230652,2.0,0,3,3,6050,0,Fall City
2068,5.0,2.5,2690,5557,2.0,0,0,3,2690,0,Seattle
870,4.0,1.75,2080,13629,1.0,0,0,4,1040,1040,Seattle
2290,3.0,1.0,1050,6300,1.0,0,0,3,1050,0,Seattle
2098,3.0,2.25,2210,8000,2.0,0,0,4,2210,0,Federal Way
1186,3.0,1.75,1610,7200,1.0,0,0,3,1090,520,Seattle
2963,3.0,2.5,1820,8085,2.0,0,0,3,1820,0,Renton
2489,5.0,1.5,2540,6660,2.0,0,3,4,2340,200,Seattle
1891,3.0,2.5,1520,2208,2.0,0,0,3,1040,480,Seattle
1755,4.0,4.25,2360,57514,2.0,0,0,4,2360,0,Federal Way
1926,3.0,2.5,1780,1487,3.0,0,0,3,1600,180,Seattle
707,3.0,2.0,1650,7352,1.0,0,0,3,1160,490,Renton
4091,4.0,3.5,5270,53428,2.0,0,0,3,3440,1830,Renton
4186,3.0,2.5,2630,5827,2.0,0,0,3,2630,0,Redmond
2870,3.0,1.75,2310,11200,1.0,0,0,4,1630,680,Kent
2349,3.0,3.5,1650,2262,3.0,0,0,3,1650,0,Seattle
3795,4.0,2.25,2500,8866,2.0,0,0,4,2500,0,Bellevue
2220,2.0,2.0,1651,18200,1.0,0,0,3,1651,0,Vashon
3779,5.0,3.25,3130,12087,2.0,0,0,3,2180,950,Issaquah
3730,3.0,2.0,1770,7000,1.0,0,0,3,1770,0,Auburn
1688,3.0,1.5,1840,9990,2.0,0,0,5,1840,0,Seattle
284,6.0,2.5,3560,6480,2.5,0,0,4,3560,0,Seattle
1659,3.0,1.75,1790,12000,1.0,0,0,3,1040,750,Des Moines
3306,3.0,2.0,1460,6377,1.0,0,0,3,1460,0,Maple Valley
4341,6.0,2.25,3206,5793,2.0,0,0,3,3206,0,Kent
920,2.0,1.0,700,2334,1.0,0,0,3,700,0,Seattle
1433,2.0,1.75,2080,4800,1.0,0,0,5,1080,1000,Seattle
1298,2.0,2.5,750,1430,2.0,0,0,3,750,0,Seattle
4097,4.0,2.25,1900,7200,1.0,0,0,3,1370,530,Seattle
3740,2.0,2.5,2510,14878,2.0,0,0,3,2510,0,Bothell
734,4.0,2.5,3200,7535,2.0,0,0,3,3200,0,Seattle
1812,6.0,1.5,2550,33740,1.0,0,0,4,1750,800,Federal Way
3282,3.0,1.0,1270,7566,1.0,0,0,4,1270,0,Renton
2392,3.0,1.0,1210,5750,1.5,0,0,4,1210,0,Seattle
2354,4.0,2.5,2550,4500,2.0,0,0,3,2550,0,Renton
3289,2.0,1.0,1740,5719,1.0,0,0,3,1740,0,Seattle
4579,2.0,1.75,1990,4000,1.0,0,0,5,1090,900,Seattle
922,5.0,2.75,2190,12687,1.0,0,0,5,1370,820,Kenmore
4350,3.0,2.0,1180,7793,1.0,0,0,4,1180,0,Kent
1402,2.0,1.0,920,3780,1.0,0,0,3,920,0,Seattle
4438,4.0,1.0,1290,5000,1.5,0,0,3,1290,0,Seattle
167,2.0,1.0,900,5160,1.0,0,0,3,900,0,Seattle
2469,4.0,2.5,2220,5338,2.0,0,0,3,2220,0,Renton
2273,3.0,2.0,1370,8336,1.0,0,0,5,1370,0,Shoreline
1640,4.0,3.0,2840,4120,1.5,0,0,4,2060,780,Seattle
12,3.0,1.75,2330,14892,1.0,0,0,3,1970,360,Sammamish
1546,5.0,3.0,2170,2440,1.5,0,0,4,1450,720,Seattle
617,4.0,2.25,2140,6355,2.0,0,0,3,2140,0,Snoqualmie
1092,4.0,2.5,2910,5776,2.0,0,2,3,2910,0,Snoqualmie
90,5.0,2.5,3180,13806,2.0,0,0,4,3180,0,Kirkland
612,3.0,1.0,1660,7210,1.0,0,0,3,1100,560,Auburn
885,3.0,2.5,1690,1613,2.0,0,0,3,1150,540,Issaquah
1404,3.0,1.0,1150,4945,1.0,0,2,3,1150,0,Seattle
857,2.0,2.25,1610,2040,2.0,0,0,4,1610,0,Renton
4137,2.0,1.0,810,4080,1.0,0,0,4,810,0,Seattle
2924,4.0,2.5,2090,10306,2.0,0,0,3,2090,0,Sammamish
3444,2.0,1.0,620,2475,1.0,0,0,5,620,0,Seattle
3330,2.0,1.0,870,5400,1.0,0,0,3,870,0,Seattle
777,3.0,2.5,1720,3600,2.0,0,0,3,1720,0,Redmond
1638,5.0,2.75,2220,4000,1.0,0,0,3,1230,990,Seattle
1986,4.0,2.5,2390,6426,2.0,0,0,3,2390,0,Auburn
2352,2.0,1.5,982,846,2.0,0,0,3,806,176,Seattle
3252,5.0,2.75,2730,22572,1.0,0,0,3,2080,650,Sammamish
4284,2.0,1.0,1240,57000,1.0,0,0,3,1240,0,Sammamish
4463,4.0,2.5,2068,7242,2.0,0,0,4,2068,0,Auburn
28,5.0,2.5,2820,67518,2.0,0,0,3,2820,0,Issaquah
1522,4.0,3.5,3910,8095,2.0,0,0,3,3130,780,Issaquah
1066,3.0,2.0,1170,7258,1.0,0,0,3,1170,0,Auburn
3280,3.0,1.0,1320,9000,1.0,0,0,3,1320,0,Auburn
3604,3.0,3.0,1670,4440,1.0,0,0,3,1670,0,Enumclaw
1911,6.0,4.5,3810,28176,1.0,0,4,5,3810,0,Shoreline
3393,3.0,2.5,1730,3600,2.0,0,0,3,1730,0,Seattle
2538,3.0,1.0,1000,9150,1.0,0,0,3,1000,0,Renton
3668,2.0,1.0,1200,24792,2.0,0,0,2,1200,0,Redmond
74,3.0,1.0,1330,77972,1.0,0,0,3,1330,0,Kirkland
515,3.0,1.75,1440,8040,1.0,0,0,3,960,480,Seattle
1309,4.0,2.5,3670,7000,2.0,0,0,3,3670,0,Sammamish
3505,5.0,2.5,2500,9583,1.0,0,0,3,1300,1200,Des Moines
3930,4.0,2.75,2640,35070,1.5,0,0,3,2640,0,Kent
3143,4.0,2.5,2650,30500,1.0,0,0,4,1680,970,Issaquah
2609,4.0,3.5,4140,7089,2.0,0,0,3,3160,980,Kirkland
2227,3.0,2.0,2110,5150,1.0,0,0,5,1080,1030,Seattle
2002,4.0,2.0,2660,3900,1.5,0,0,4,1480,1180,Seattle
2157,4.0,2.5,2800,246114,2.0,0,0,3,2800,0,Carnation
1584,4.0,4.25,4960,6000,2.5,0,0,3,3680,1280,Seattle
1517,4.0,3.5,4490,5099,2.0,0,0,3,3390,1100,Snoqualmie
116,3.0,2.5,2230,4000,2.0,0,0,3,2230,0,Seattle
2341,4.0,2.0,2090,3610,1.5,0,0,5,1790,300,Seattle
3148,2.0,1.5,1300,1676,1.0,0,2,3,1300,0,Seattle
1072,2.0,1.0,1140,5500,1.0,0,0,3,1140,0,Seattle
2691,4.0,2.25,1930,7207,1.0,0,0,4,1360,570,Kent
1799,3.0,2.5,2430,54059,2.0,0,0,3,2430,0,Issaquah
2820,3.0,2.5,1940,9000,1.0,0,0,4,970,970,Seattle
4349,4.0,2.75,3260,19542,1.0,0,0,4,2170,1090,Medina
2633,3.0,1.5,1880,7400,1.0,0,0,3,1480,400,Lake Forest Park
3958,4.0,3.5,4370,10860,2.0,0,0,3,4370,0,Renton
3404,3.0,2.25,1780,16290,2.0,0,0,4,1780,0,Renton
1600,4.0,3.25,4140,20734,1.0,0,1,3,3300,840,Clyde Hill
622,4.0,2.5,3520,6773,2.5,0,0,3,2650,870,Seattle
3636,3.0,1.75,1300,7030,1.0,0,0,3,1300,0,Kirkland
3947,5.0,2.25,3000,13899,2.0,0,0,4,3000,0,Redmond
4331,4.0,2.75,2000,5827,2.0,0,0,3,2000,0,Maple Valley
3246,3.0,2.5,1970,9607,2.0,0,0,3,1090,880,Auburn
409,3.0,2.5,2100,5824,2.0,0,2,3,2100,0,Snoqualmie
2684,4.0,2.5,2470,3811,2.0,0,0,3,2470,0,Snoqualmie
1623,4.0,2.25,1820,20349,1.0,0,0,5,1340,480,Woodinville
115,5.0,1.0,1120,9022,1.5,0,0,4,1120,0,Kirkland
3874,3.0,2.5,1840,9900,1.0,0,0,3,1840,0,Bellevue
288,3.0,1.0,1040,16986,1.0,0,0,4,1040,0,Renton
4443,3.0,2.5,1840,3035,1.0,0,0,3,920,920,Seattle
4156,2.0,1.5,1090,2686,2.0,0,0,3,1090,0,Kirkland
3702,3.0,2.5,3660,39478,2.0,0,2,4,3260,400,Enumclaw
3596,3.0,2.5,2440,4153,2.0,0,0,3,2440,0,Redmond
1181,4.0,3.25,3340,10890,1.5,0,0,3,2240,1100,Redmond
337,4.0,1.75,2060,26036,1.0,0,0,4,1160,900,Normandy Park
4250,4.0,2.5,3560,12047,2.0,0,0,3,3560,0,Federal Way
2687,3.0,1.75,1160,6134,1.0,0,0,3,1160,0,Auburn
3060,4.0,2.25,2270,5102,1.0,0,0,5,1340,930,Seattle
3568,2.0,1.0,900,3400,1.0,0,0,5,900,0,Seattle
46,3.0,2.25,1970,35100,2.0,0,0,4,1970,0,Issaquah
747,3.0,1.75,1680,250470,1.0,0,0,4,1070,610,Duvall
1973,3.0,1.5,1180,12324,1.0,0,0,3,800,380,Sammamish
3207,4.0,1.75,1740,7700,1.0,0,0,5,1740,0,Bellevue
753,4.0,3.25,3740,12080,1.0,0,0,3,2000,1740,Woodinville
462,5.0,6.5,7270,130017,2.0,0,0,3,6420,850,Issaquah
3937,4.0,2.5,2360,10000,1.0,0,3,3,1980,380,Seattle
1938,3.0,1.75,1290,3870,1.0,0,0,5,1290,0,Seattle
673,4.0,2.5,2310,14023,2.0,0,0,3,2310,0,Duvall
2712,3.0,3.25,4340,4947,2.0,0,3,3,3060,1280,Seattle
3511,4.0,3.75,3460,6738,2.0,0,0,3,3460,0,Renton
1201,2.0,1.0,1060,1600,2.0,0,0,3,1060,0,Seattle
4276,4.0,2.25,3300,8365,3.0,0,0,3,3300,0,Seattle
4325,5.0,3.25,3240,6551,1.5,0,4,4,2500,740,Seattle
424,4.0,2.75,3100,3773,2.0,0,0,3,2000,1100,Seattle
325,4.0,2.5,2660,5500,2.0,0,2,3,2660,0,Issaquah
3715,2.0,1.0,1250,3825,1.0,0,0,3,850,400,Seattle
664,4.0,2.5,2150,39449,1.0,0,0,3,1420,730,Fall City
350,2.0,1.5,960,1808,2.0,0,0,3,960,0,Seattle
447,3.0,1.0,1030,6127,1.0,0,0,3,880,150,Seattle
709,3.0,1.5,1260,10350,1.0,0,0,3,1260,0,Bellevue
3089,3.0,1.75,1270,8100,1.0,0,0,3,880,390,Burien
1924,3.0,2.0,1630,7599,1.0,0,0,3,1630,0,Seattle
1722,4.0,3.25,4400,186846,2.0,0,0,4,4400,0,Enumclaw
1221,3.0,1.0,960,9633,1.0,0,0,5,960,0,Enumclaw
3922,3.0,1.0,1020,8610,1.0,0,0,5,1020,0,Renton
2766,4.0,2.5,2410,4780,2.0,0,0,3,2410,0,Snoqualmie
1149,4.0,1.75,3000,42200,1.0,0,3,3,1500,1500,Renton
387,2.0,1.0,980,1179,2.0,0,0,3,980,0,Seattle
1369,4.0,3.75,3160,9525,2.5,0,0,3,3160,0,Mercer Island
3547,3.0,1.75,2410,8944,1.0,0,0,4,1860,550,Renton
1337,4.0,3.75,3070,5850,2.0,0,0,5,2400,670,Seattle
754,4.0,3.0,1980,5352,2.5,0,0,3,1980,0,Seattle
2186,4.0,2.5,3040,7000,2.0,0,0,3,3040,0,Mercer Island
451,3.0,2.0,1690,9583,1.0,0,0,4,1690,0,Renton
1194,4.0,2.75,2080,4000,1.5,0,0,3,2080,0,Seattle
699,3.0,2.5,2910,17172,2.0,0,0,3,2910,0,Federal Way
3631,2.0,1.0,960,8153,1.0,0,0,3,960,0,Shoreline
3205,4.0,3.25,3090,9571,2.0,0,0,3,2370,720,Redmond
1608,4.0,1.75,3420,7200,1.0,0,3,5,1770,1650,Seattle
830,4.0,2.5,2790,7956,2.0,0,0,3,2790,0,Des Moines
4296,4.0,2.5,2800,9538,2.0,0,0,3,2800,0,Federal Way
3418,4.0,3.5,4040,50479,2.0,0,0,3,4040,0,Woodinville
1734,3.0,2.75,2180,7519,1.0,0,0,4,1310,870,Redmond
4586,3.0,2.25,1620,1075,3.0,0,0,3,1540,80,Issaquah
4537,3.0,1.0,1000,8512,1.0,0,0,3,1000,0,Enumclaw
1006,4.0,1.5,2500,6300,1.0,0,0,4,1500,1000,Kent
400,4.0,2.5,2260,7753,2.0,0,0,3,2260,0,Issaquah
1253,3.0,2.0,1540,1827,2.0,0,0,3,1540,0,Issaquah
21,4.0,1.0,1450,8800,1.0,0,0,4,1450,0,Bellevue
1305,3.0,2.5,1740,5782,2.0,0,0,4,1740,0,Issaquah
237,3.0,1.0,1110,8423,1.0,0,0,3,1110,0,Burien
3107,4.0,2.5,2000,6107,2.0,0,0,3,2000,0,Bothell
3665,3.0,1.0,1010,8800,1.0,0,0,4,1010,0,Seattle
671,3.0,2.0,2090,42689,1.5,0,0,3,2090,0,Ravensdale
845,3.0,2.5,2134,1984,2.5,0,0,3,2134,0,Issaquah
4144,3.0,1.75,2050,16313,1.0,0,0,2,2050,0,Mercer Island
1353,3.0,2.5,2330,1987,2.0,0,4,3,1410,920,Seattle
4414,4.0,2.25,1720,8300,1.0,0,0,4,1720,0,Federal Way
3451,4.0,2.25,2070,7350,2.0,0,0,4,2070,0,Kent
869,4.0,1.0,1660,4690,1.5,0,0,3,1260,400,Seattle
3686,2.0,2.0,1090,934,3.0,0,0,3,1090,0,Seattle
604,3.0,1.0,1090,8640,1.0,0,0,4,1090,0,Burien
3868,3.0,2.25,1520,7199,2.0,0,0,4,1520,0,Maple Valley
902,5.0,3.25,4180,49222,2.0,0,0,4,2880,1300,Issaquah
2904,3.0,2.25,1600,10240,1.0,0,0,3,1090,510,Kirkland
1747,3.0,2.5,1720,99916,2.0,0,0,4,1720,0,Kent
3310,4.0,2.25,2050,9583,2.0,0,2,3,1770,280,Des Moines
2051,4.0,2.5,2680,15508,2.0,0,0,3,2680,0,Federal Way
4047,2.0,2.0,1270,1372,3.0,0,0,3,1270,0,Seattle
3928,3.0,1.0,1390,4814,1.5,0,0,3,1390,0,Seattle
2757,3.0,2.75,2200,7000,1.0,0,0,4,1280,920,Renton
4580,3.0,1.0,1560,7552,1.0,0,0,4,910,650,Shoreline
696,4.0,2.5,3320,7644,2.0,0,0,3,3320,0,Bellevue
1179,3.0,1.0,1040,6250,1.0,0,0,3,1040,0,Seattle
4407,3.0,2.0,1490,7770,1.0,0,0,4,1490,0,Covington
2173,3.0,2.5,1900,6224,2.0,0,0,3,1900,0,Sammamish
1090,3.0,1.0,1020,7874,1.0,0,0,3,1020,0,Seattle
848,2.0,2.5,1310,1500,2.0,0,0,3,1160,150,Seattle
1769,3.0,2.25,3800,33825,1.0,0,0,4,3330,470,Kent
3808,4.0,3.5,3770,8501,2.0,0,0,3,3770,0,Kirkland
3745,3.0,2.75,3890,7216,2.0,0,1,3,3260,630,Seattle
605,3.0,1.0,1190,9486,1.0,0,0,4,1190,0,Normandy Park
174,3.0,2.25,1640,14374,1.0,0,0,4,1140,500,Burien
2269,4.0,2.5,2009,5000,2.0,0,0,3,2009,0,Auburn
2463,4.0,2.25,2630,39000,2.0,0,0,3,2630,0,Kent
100,4.0,2.5,3180,21904,2.0,0,3,3,3180,0,Renton
1243,4.0,2.75,2250,5700,1.0,0,0,3,1200,1050,Seattle
741,4.0,3.25,2740,7266,2.0,0,0,3,2060,680,Issaquah
334,3.0,2.5,1690,4500,1.5,0,1,4,1690,0,Seattle
2908,3.0,2.25,1240,949,3.0,0,0,3,1240,0,Seattle
2881,4.0,2.0,2030,103672,1.0,0,0,4,2030,0,Enumclaw
3292,2.0,2.5,1590,1845,2.0,0,0,3,1590,0,Kirkland
3463,4.0,3.5,3990,5267,2.0,0,0,3,3990,0,Bellevue
2987,3.0,2.5,1850,7777,2.0,0,0,5,1850,0,Kirkland
4043,2.0,1.5,1260,1575,2.0,0,0,3,1260,0,Seattle
4384,3.0,2.5,1490,1709,3.0,0,0,3,1490,0,Seattle
1468,4.0,3.25,2980,7000,2.0,0,3,3,2140,840,Seattle
1838,3.0,2.25,2560,41346,2.0,0,0,3,2560,0,Issaquah
3123,4.0,3.5,3910,59863,2.0,0,0,4,2490,1420,Issaquah
3674,3.0,2.5,2650,2387,2.0,0,0,3,1830,820,Seattle
460,3.0,2.0,1340,1384,3.0,0,0,3,1340,0,Seattle
1562,3.0,1.0,1590,6420,1.0,0,0,3,1590,0,Seattle
1975,3.0,2.5,1610,6176,2.0,0,0,3,1610,0,Kent
3290,3.0,2.5,1670,8364,1.0,0,0,4,1300,370,Covington
738,4.0,2.5,2680,9185,2.0,0,0,3,2680,0,Issaquah
1438,4.0,2.0,1480,3132,1.0,0,0,5,740,740,Seattle
497,3.0,2.5,1940,4927,2.0,0,0,3,1940,0,Renton
2750,3.0,1.75,1180,4080,1.0,0,0,4,760,420,Seattle
3945,2.0,0.75,660,5240,1.0,0,0,4,660,0,Kent
375,2.0,2.0,1550,435600,1.5,0,0,2,1550,0,Snoqualmie
1209,4.0,5.5,5060,10320,2.0,0,0,3,5060,0,Bellevue
404,3.0,2.25,3000,11665,1.5,1,4,3,3000,0,Sammamish
3778,1.0,0.75,370,1801,1.0,0,0,5,370,0,Seattle
2467,4.0,2.5,1930,8660,1.0,0,0,3,1120,810,Auburn
93,3.0,2.0,2350,5700,1.5,0,0,4,1810,540,Seattle
3513,4.0,3.0,1930,3031,1.0,0,0,3,1200,730,Duvall
3204,3.0,1.75,1720,4080,1.0,0,0,4,960,760,Seattle
2221,3.0,1.75,1330,9200,1.0,0,0,4,1330,0,Auburn
1849,3.0,1.75,2090,4725,2.0,0,0,3,1610,480,Seattle
827,3.0,2.25,1440,7673,1.0,0,0,3,940,500,Kent
3187,3.0,2.25,1860,15559,2.0,0,0,4,1860,0,Enumclaw
343,4.0,1.75,2480,9195,1.0,0,0,3,1390,1090,Bellevue
2683,2.0,2.5,1380,953,3.0,0,0,3,1380,0,Seattle
2786,4.0,3.5,4680,9700,2.0,0,0,3,3360,1320,Bellevue
2547,4.0,2.0,1810,8750,1.0,0,0,2,1110,700,Renton
3146,3.0,2.25,1780,7280,1.0,0,2,3,1340,440,Kirkland
691,4.0,2.5,2230,4541,2.0,0,0,3,2230,0,Covington
0,3.0,1.5,1340,7912,1.5,0,0,3,1340,0,Shoreline
1582,3.0,1.0,2110,10005,1.0,0,0,5,1110,1000,Kirkland
1707,4.0,2.0,2360,6000,1.0,0,0,5,1260,1100,Seattle
2021,3.0,1.75,1910,12596,1.0,0,0,3,1340,570,Woodinville
3221,4.0,2.5,3220,22588,2.0,0,0,3,3220,0,Woodinville
3591,4.0,1.75,2420,37800,1.0,0,0,4,1880,540,Redmond
2003,4.0,2.5,2260,3713,2.0,0,0,3,2260,0,Kirkland
1131,4.0,2.5,2220,4228,2.0,0,0,3,2220,0,Seattle
4364,3.0,2.5,2280,2289,2.0,0,0,3,1880,400,Issaquah
3717,4.0,1.75,2550,8976,1.0,0,0,5,1300,1250,Kent
2304,3.0,1.5,1460,11407,1.0,0,0,3,1460,0,Lake Forest Park
4485,4.0,2.5,2683,40386,2.0,0,0,4,2683,0,Redmond
2375,3.0,1.75,1600,19200,1.0,0,0,4,1600,0,Kirkland
3395,3.0,2.5,2320,2267,3.0,0,0,3,2320,0,Seattle
2261,4.0,4.5,3870,35889,2.0,0,0,3,2530,1340,Issaquah
1731,4.0,2.75,2150,9915,1.0,0,0,5,1240,910,Newcastle
1159,3.0,1.0,1100,4046,1.5,0,4,4,1100,0,Des Moines
2120,3.0,1.75,1710,10800,1.0,0,0,4,1710,0,Kenmore
4324,4.0,2.5,2040,21781,2.0,0,0,3,2040,0,Carnation
2685,4.0,1.75,2030,18295,1.5,0,0,4,2030,0,Kirkland
1671,2.0,1.75,1710,4234,2.0,0,0,3,1330,380,Seattle
4370,4.0,3.0,2920,33976,1.0,0,3,5,1460,1460,Bellevue
3273,3.0,2.5,1600,1936,2.0,0,0,3,1600,0,Seattle
1971,3.0,2.0,1463,868,3.0,0,0,3,1463,0,Seattle
2296,5.0,3.5,2100,5107,2.0,0,0,3,1410,690,Seattle
736,5.0,4.25,3920,16258,2.0,0,0,3,2900,1020,Bellevue
4122,4.0,2.5,3220,35400,2.0,0,0,3,3220,0,Woodinville
4099,4.0,2.75,2230,9640,1.0,0,0,3,1320,910,Seattle
837,2.0,1.0,1160,5000,1.0,0,0,4,1160,0,Seattle
292,4.0,2.5,2180,11200,1.0,0,0,4,2180,0,Woodinville
698,4.0,2.75,2270,7375,1.0,0,0,4,1290,980,Kirkland
3969,3.0,1.75,1480,7700,1.0,0,0,3,1480,0,Kirkland
4290,4.0,1.0,1170,8147,1.5,0,0,3,1170,0,Seattle
4530,2.0,1.75,1240,3000,1.5,0,0,3,1240,0,Seattle
1963,4.0,2.75,2420,10962,1.0,0,0,3,1530,890,Bellevue
2274,3.0,1.75,1730,8400,1.0,0,0,4,1400,330,Redmond
3441,2.0,1.5,1370,1221,2.0,0,0,3,1080,290,Seattle
1868,3.0,1.0,1050,4160,1.0,0,0,4,1050,0,Seattle
2387,5.0,2.75,2820,4608,1.0,0,0,3,1450,1370,Seattle
2671,2.0,2.25,1230,932,2.0,0,0,3,1020,210,Seattle
3516,3.0,2.5,2490,4540,2.5,0,0,3,2490,0,Renton
2502,3.0,1.0,1540,3399,1.5,0,0,3,1200,340,Seattle
3988,3.0,1.5,1820,12686,1.0,0,0,4,1820,0,Bellevue
3999,3.0,2.0,1490,4800,2.0,0,0,5,1490,0,Seattle
63,3.0,2.5,2540,5050,2.0,0,0,3,2540,0,Kent
1384,3.0,3.75,3250,5797,2.0,0,2,4,2370,880,Seattle
650,3.0,2.5,2550,7200,2.0,0,2,3,2550,0,Seattle
1967,3.0,1.75,1910,4800,1.0,0,0,3,1080,830,Seattle
112,3.0,2.0,1050,10072,1.0,0,0,3,1050,0,Duvall
3024,4.0,3.5,3530,14406,2.0,0,1,3,2570,960,Kirkland
804,3.0,2.0,2050,3933,1.0,0,0,3,1180,870,Seattle
577,5.0,2.5,3400,8970,1.0,0,0,4,1700,1700,Shoreline
126,4.0,2.0,1480,3844,1.5,0,0,5,1480,0,Seattle
3331,3.0,1.5,1150,8450,1.0,0,0,4,1150,0,Seattle
3793,4.0,1.0,1630,2566,1.5,0,0,3,1630,0,Seattle
1400,4.0,2.5,1630,4473,2.0,0,0,3,1630,0,Maple Valley
851,5.0,2.5,1970,8605,2.0,0,0,4,1970,0,Enumclaw
4327,3.0,2.25,1820,8008,1.0,0,0,3,1240,580,Redmond
3057,4.0,2.5,1850,5040,1.0,0,0,3,1230,620,Seattle
2665,4.0,2.75,3150,38865,1.0,0,0,3,2480,670,Redmond
4103,4.0,2.75,2250,3433,1.5,0,0,3,1500,750,Seattle
2995,4.0,2.5,2510,6853,2.0,0,2,3,2510,0,Maple Valley
2679,3.0,2.0,2340,3477,1.0,0,1,5,1170,1170,Seattle
3893,4.0,2.5,3160,8281,2.0,0,0,4,3160,0,Kirkland
2977,3.0,3.25,2660,4000,2.0,0,0,3,2170,490,Seattle
1053,2.0,1.75,1890,9466,2.0,0,0,3,1890,0,Bellevue
4569,4.0,2.5,1954,4805,2.0,0,0,3,1954,0,Kent
2405,4.0,2.5,2470,35073,2.0,0,0,3,2470,0,Auburn
3860,2.0,1.0,1010,11919,1.0,0,0,3,1010,0,Shoreline
153,3.0,1.0,1350,7740,1.0,0,0,4,860,490,Seattle
2391,3.0,2.5,1970,7500,2.0,0,0,3,1970,0,Auburn
2353,3.0,2.25,1630,2520,2.0,0,0,3,1630,0,Issaquah
2660,4.0,2.5,2150,37647,2.0,0,0,3,2150,0,Kent
4298,3.0,2.25,1720,7885,2.0,0,0,3,1720,0,Federal Way
280,3.0,2.0,1610,4160,1.0,0,0,4,1010,600,Seattle
4400,4.0,3.25,5010,34460,2.0,0,0,3,5010,0,Bellevue
3821,4.0,2.25,1950,5950,1.0,0,0,3,1330,620,Seattle
3128,3.0,1.0,1030,9834,1.0,0,0,3,1030,0,Woodinville
1479,7.0,4.5,4140,9066,1.0,0,0,3,2070,2070,Seattle
3811,2.0,1.0,700,3000,1.0,0,0,4,700,0,Seattle
504,3.0,1.5,2020,11358,1.0,0,0,4,1190,830,Kirkland
903,3.0,1.75,1630,28600,1.0,0,0,3,1630,0,Woodinville
2040,2.0,2.25,2460,16940,1.5,0,4,4,1930,530,Seattle
1672,2.0,2.0,1410,12282,1.5,0,0,5,1410,0,Preston
3751,3.0,2.0,2500,4080,1.5,0,0,5,1680,820,Seattle
550,3.0,2.25,2350,10450,1.0,0,0,3,1390,960,Kenmore
1862,3.0,2.0,1670,7757,1.0,0,0,3,1670,0,Kent
1805,5.0,1.0,2550,4623,2.5,0,0,4,2550,0,Seattle
4497,3.0,2.5,2670,10481,2.0,0,0,3,2670,0,Kirkland
945,4.0,2.0,1960,7560,1.0,0,0,5,1160,800,Kent
3642,4.0,2.0,1360,60548,1.0,0,0,3,960,400,Auburn
4259,4.0,2.75,1970,37026,1.0,0,0,4,1970,0,Vashon
1690,4.0,3.5,4370,8510,2.0,0,1,3,3610,760,Bellevue
2107,2.0,1.0,730,7528,1.0,0,0,3,730,0,Seattle
4502,3.0,1.75,1160,22470,1.0,0,0,4,1160,0,Kenmore
3125,5.0,2.5,4470,35124,2.5,0,0,3,4470,0,Woodinville
3398,3.0,2.5,1400,1312,3.5,0,0,3,1400,0,Seattle
449,3.0,1.75,1780,120661,1.0,0,0,4,1780,0,Duvall
2903,4.0,2.75,3010,15992,2.0,0,0,3,3010,0,Sammamish
941,2.0,1.75,1480,5120,1.0,0,0,4,840,640,Seattle
1020,4.0,2.25,1870,9680,1.0,0,0,4,1170,700,Kirkland
1532,4.0,1.5,1390,7200,1.0,0,0,3,1140,250,Seattle
1847,3.0,2.5,2340,59058,1.0,0,0,3,2340,0,Maple Valley
4011,3.0,2.75,1830,1850,2.0,0,0,3,1690,140,Issaquah
3898,4.0,2.5,2980,16263,2.0,0,0,3,2980,0,Bellevue
437,4.0,2.5,1940,3784,2.0,0,0,3,1940,0,Renton
3445,3.0,1.5,2450,12497,1.0,0,0,4,2450,0,Snoqualmie
739,4.0,2.0,1670,9987,1.0,0,0,3,1670,0,Auburn
2867,3.0,1.75,1170,8740,1.0,0,0,4,1170,0,Redmond
3291,4.0,2.0,1570,9415,2.0,0,0,4,1570,0,Auburn
586,2.0,0.75,650,5360,1.0,0,0,4,650,0,Seattle
2989,4.0,2.25,2420,7927,1.0,0,0,4,1400,1020,Shoreline
1028,5.0,3.5,2800,5120,2.5,0,0,3,2800,0,Seattle
3279,4.0,2.5,2340,8548,2.0,0,0,3,2340,0,Kent
3208,4.0,2.5,2950,4502,2.0,0,0,3,2950,0,Renton
4505,4.0,2.5,3250,4500,2.0,0,0,3,3250,0,Renton
573,3.0,2.25,1780,6120,1.5,0,0,4,1390,390,Seattle
4040,3.0,2.5,2370,4200,2.0,0,0,3,2370,0,Maple Valley
647,3.0,2.5,1690,1618,2.0,0,0,3,1150,540,Issaquah
595,5.0,3.0,3410,9600,1.0,0,0,4,1870,1540,Redmond
3396,3.0,2.5,1860,3730,2.0,0,0,3,1860,0,Duvall
1308,3.0,2.5,2460,4399,2.0,0,0,3,2460,0,Snoqualmie
4460,4.0,2.25,2980,8051,1.5,0,2,4,2020,960,Seattle
281,2.0,1.0,760,3001,1.0,0,0,3,760,0,Seattle
732,3.0,2.25,1980,40887,1.0,0,0,4,1980,0,Redmond
2763,3.0,1.75,1970,8200,1.0,0,0,5,1420,550,Shoreline
2999,3.0,2.25,2140,3000,2.0,0,0,3,2140,0,Seattle
1908,2.0,1.0,1500,18540,1.0,0,0,3,1500,0,Tukwila
3085,4.0,1.75,2120,7420,1.0,0,0,4,1060,1060,Bellevue
1111,4.0,2.5,2630,48706,2.0,0,0,3,2630,0,Woodinville
2195,3.0,1.5,1290,1286,3.0,0,0,3,1290,0,Seattle
160,3.0,1.75,1580,8151,1.0,0,1,4,1100,480,Des Moines
2798,4.0,2.5,2920,7700,2.0,0,0,3,2920,0,Duvall
3165,5.0,3.0,2300,8214,2.0,0,0,3,2300,0,Federal Way
952,4.0,2.75,2820,13193,1.0,0,0,3,1860,960,Bellevue
4232,4.0,2.5,1660,8063,1.0,0,0,4,1660,0,Des Moines
1331,4.0,3.0,3000,4000,1.5,0,3,3,1970,1030,Seattle
1219,1.0,0.75,430,5050,1.0,0,0,2,430,0,Carnation
606,5.0,4.25,3530,7924,2.0,0,0,3,3530,0,Mercer Island
164,4.0,2.75,3370,8103,1.0,0,3,3,1970,1400,Seattle
1040,4.0,2.5,2303,3680,2.0,0,0,3,2303,0,Auburn
3968,4.0,2.5,3160,4620,1.5,0,4,3,2020,1140,Seattle
209,4.0,2.5,2740,45732,2.0,0,0,3,2740,0,Woodinville
3612,4.0,1.0,1370,8499,1.0,0,0,3,1370,0,Shoreline
329,2.0,2.5,1360,1349,2.0,0,0,3,1050,310,Seattle
2546,5.0,3.0,1940,6355,1.0,0,0,3,1200,740,Seattle
3929,4.0,2.25,2060,11385,1.0,0,0,4,1200,860,Federal Way
4297,2.0,1.0,670,6300,1.0,0,0,5,670,0,Seattle
1429,4.0,2.5,2230,10414,1.0,0,0,5,1450,780,Issaquah
433,3.0,2.25,1352,1694,3.0,0,0,3,1352,0,Seattle
860,2.0,1.0,1490,3825,1.0,0,0,3,860,630,Seattle
967,3.0,1.75,1480,7225,1.0,0,0,4,1480,0,Renton
3729,5.0,5.5,7050,42840,1.0,0,2,4,4320,2730,Clyde Hill
3486,3.0,1.5,2120,6290,1.0,0,0,4,1220,900,Seattle
3734,2.0,1.0,1080,7775,1.0,0,0,3,1080,0,Seattle
3623,5.0,2.75,2130,6222,1.0,0,0,3,1300,830,Seattle
4571,4.0,2.0,1660,4800,1.5,0,0,3,1660,0,Seattle
3413,3.0,2.5,1730,8490,1.0,0,0,3,1210,520,Kirkland
3695,5.0,3.25,4390,11250,2.0,0,0,3,4390,0,Mercer Island
2813,3.0,2.25,1584,2800,2.0,0,0,3,1584,0,Auburn
908,2.0,1.0,680,8064,1.0,0,0,3,680,0,SeaTac
2562,3.0,1.75,1540,10800,1.0,0,0,5,770,770,Mercer Island
4317,3.0,1.75,1170,8182,1.0,0,0,3,1170,0,Shoreline
146,3.0,2.5,1408,989,3.0,0,0,3,1408,0,Seattle
3361,5.0,2.5,2700,16570,1.0,0,0,4,1750,950,Bellevue
1777,4.0,2.5,2790,45902,2.0,0,0,3,2790,0,Woodinville
3186,2.0,2.25,2550,6000,2.0,0,0,5,1860,690,Seattle
508,2.0,2.25,1290,1334,3.0,0,0,3,1290,0,Seattle
1561,4.0,1.75,1700,7800,1.0,0,0,5,1120,580,Renton
4272,4.0,2.75,2700,6000,2.0,0,0,4,2100,600,Seattle
2852,4.0,1.0,1980,10350,1.0,0,0,4,1430,550,Issaquah
168,3.0,1.0,1050,6874,1.0,0,0,3,1050,0,Shoreline
3419,6.0,3.0,3110,5000,1.5,0,0,5,1810,1300,Seattle
1392,3.0,2.5,2540,7680,2.0,0,1,4,2540,0,Seattle
2257,3.0,1.0,1580,5000,1.5,0,0,3,1580,0,Seattle
2237,3.0,1.5,2010,9480,1.0,0,0,3,1570,440,Seattle
136,3.0,2.0,1800,5000,1.0,0,0,4,1080,720,Seattle
894,4.0,2.0,1580,7800,2.0,0,0,2,1580,0,Seattle
197,4.0,2.25,2260,29930,2.0,0,0,4,1400,860,Bellevue
1483,3.0,2.0,1660,8281,1.0,0,0,3,1660,0,Seattle
1792,4.0,2.25,3720,12384,1.0,0,2,5,1860,1860,Sammamish
4503,3.0,2.25,2110,7665,1.0,0,0,4,1360,750,Federal Way
2850,4.0,2.25,2150,20181,1.0,0,0,3,1090,1060,Kenmore
3116,4.0,2.5,1540,1860,2.0,0,0,3,1540,0,Issaquah
2389,4.0,2.5,3200,7500,1.5,0,1,5,1860,1340,Seattle
1447,3.0,1.0,820,7680,1.5,0,0,3,820,0,Seattle
199,3.0,1.5,1310,8160,1.0,0,0,3,1310,0,Seattle
3611,2.0,1.75,1910,3376,2.0,0,0,3,1910,0,Maple Valley
3466,4.0,2.5,2580,5476,2.0,0,0,3,2580,0,Kent
1823,4.0,2.5,1960,14242,1.0,0,1,4,1290,670,Burien
1795,3.0,2.25,2090,12112,2.0,0,0,3,2090,0,Redmond
730,3.0,2.5,2240,10800,2.0,0,0,3,2240,0,Kenmore
3886,2.0,1.5,800,2119,2.0,0,0,3,800,0,Seattle
2121,2.0,1.0,1200,9000,1.0,0,2,5,1200,0,Des Moines
3465,3.0,2.0,2270,11989,1.0,0,0,4,2270,0,Mercer Island
807,4.0,2.5,2440,4000,2.0,0,0,3,2440,0,Maple Valley
2595,4.0,3.5,2690,6164,2.0,0,0,3,2690,0,Sammamish
2997,5.0,2.25,2780,10192,2.0,0,0,4,2780,0,Bellevue
1198,4.0,1.75,2260,7005,1.0,0,1,4,1130,1130,Kirkland
821,2.0,1.0,870,6150,1.0,0,0,3,870,0,Seattle
2711,4.0,3.75,4100,22798,1.5,0,3,5,2540,1560,Mercer Island
1241,5.0,3.25,3400,7452,2.0,0,0,3,3400,0,Bellevue
4051,2.0,1.0,1080,2674,1.0,0,0,4,720,360,Seattle
4469,4.0,2.25,2070,7500,2.0,0,0,4,2070,0,Kirkland
623,4.0,2.5,2210,4861,2.0,0,0,3,2210,0,Seattle
4075,5.0,3.0,1810,3000,2.0,0,0,3,1810,0,Seattle
1162,4.0,1.75,2200,8100,1.5,0,0,5,1400,800,Seattle
2603,4.0,1.5,2220,9496,1.0,0,0,4,1490,730,Bellevue
2775,6.0,1.0,1370,5080,1.5,0,0,3,1120,250,Seattle
3781,4.0,4.75,3970,9778,2.0,0,2,4,3390,580,Seattle
4401,2.0,1.0,910,9612,1.0,0,0,4,910,0,Renton
1740,5.0,2.75,2550,5040,1.5,0,0,5,2550,0,Seattle
2282,2.0,1.75,1640,4080,1.0,0,0,3,840,800,Seattle
3026,4.0,2.5,2040,8400,1.0,0,0,3,1420,620,Bellevue
4163,4.0,2.5,3130,10849,2.0,0,0,3,3130,0,Kirkland
24,4.0,1.75,1600,6380,1.0,0,0,3,1130,470,Seattle
216,3.0,2.0,1420,4080,1.5,0,0,3,1420,0,Seattle
2860,4.0,2.25,2160,5600,1.0,0,0,5,1080,1080,Seattle
1910,3.0,1.5,1810,29308,1.0,0,0,3,950,860,Covington
4089,2.0,2.5,2290,3507,2.0,0,0,3,2290,0,Issaquah
3421,4.0,1.5,1770,5750,2.0,0,0,3,1770,0,Seattle
4262,3.0,1.75,3160,76230,1.0,0,0,4,2160,1000,Auburn
207,4.0,2.0,2680,18768,1.0,0,0,5,2680,0,Auburn
3510,3.0,2.0,1480,3876,1.0,0,0,5,860,620,Seattle
2322,3.0,2.5,2210,7557,2.0,0,0,3,2210,0,Federal Way
591,4.0,2.5,3490,7494,2.0,0,3,3,3490,0,Bellevue
1720,3.0,1.5,1120,6900,1.0,0,0,5,1120,0,Bellevue
1863,3.0,1.75,1530,10731,1.0,0,0,3,1530,0,Kenmore
525,5.0,1.75,3380,20021,1.0,0,0,4,1690,1690,Clyde Hill
2335,3.0,2.0,1640,7201,1.0,0,0,3,1640,0,Seattle
469,4.0,2.5,2160,5298,2.5,0,0,4,2160,0,Seattle
2811,3.0,1.75,1930,6360,1.0,0,0,3,1930,0,Snoqualmie
928,3.0,1.0,950,7620,1.0,0,0,3,950,0,Seattle
1896,3.0,2.0,1350,11150,1.0,0,0,3,1110,240,North Bend
2721,2.0,2.5,1260,1347,3.0,0,0,3,1260,0,Seattle
1469,3.0,1.75,1610,6480,1.0,0,0,4,1610,0,Seattle
2934,3.0,1.5,1520,4288,1.0,0,0,3,1020,500,Seattle
1913,3.0,3.25,1540,704,3.0,0,0,3,1540,0,Seattle
956,6.0,2.0,2150,4505,1.0,0,0,3,1270,880,Seattle
1488,3.0,1.75,1300,4127,1.0,0,0,4,650,650,Seattle
25,3.0,2.5,2090,10834,1.0,0,0,4,1360,730,Federal Way
1134,4.0,3.25,3810,8519,1.0,0,1,3,2680,1130,Kirkland
2197,3.0,1.75,1540,6909,1.0,0,0,4,920,620,Shoreline
3224,3.0,1.75,1150,10466,1.0,0,0,5,1150,0,Bellevue
1552,4.0,2.0,1530,6375,2.0,0,0,3,1530,0,Renton
1645,2.0,2.0,1540,54450,2.0,0,0,3,1540,0,Redmond
2937,4.0,2.25,2870,5453,2.0,0,1,4,2220,650,Seattle
3533,3.0,2.5,1660,1545,2.0,0,2,3,1400,260,Seattle
2646,3.0,2.0,1730,9000,1.0,0,0,3,1370,360,Issaquah
2187,2.0,1.0,860,3880,1.0,0,0,4,860,0,Seattle
3854,2.0,1.0,2160,12960,1.0,0,0,3,1360,800,Tukwila
2371,4.0,3.25,3960,7012,2.0,0,0,3,3960,0,Sammamish
180,3.0,1.0,1010,7034,1.0,0,0,3,1010,0,Renton
1434,3.0,2.0,2030,24829,1.0,0,0,4,1220,810,Auburn
3912,4.0,2.5,3150,4203,2.0,0,0,3,3150,0,Kirkland
3091,4.0,2.5,2400,7351,2.0,0,0,3,2400,0,Issaquah
2344,5.0,3.0,2510,4125,1.5,0,3,5,1590,920,Seattle
3298,3.0,1.0,1640,18144,1.5,0,0,3,1640,0,Seattle
94,3.0,1.75,1560,5520,1.0,0,0,4,780,780,Seattle
770,3.0,1.0,1010,9514,1.0,0,0,3,1010,0,Renton
637,4.0,2.75,2450,15002,1.0,0,0,5,2450,0,Normandy Park
2536,2.0,1.5,1090,4000,1.0,0,0,3,970,120,Seattle
2492,3.0,2.5,2040,4627,2.0,0,0,3,2040,0,Redmond
1208,4.0,3.75,3860,5474,2.5,0,0,3,3860,0,Issaquah
275,4.0,2.5,2650,4316,1.5,0,0,3,1520,1130,Seattle
1152,4.0,3.0,3220,8936,2.0,0,0,3,2450,770,Kent
307,4.0,1.0,1490,6600,1.0,0,0,3,1490,0,Burien
2059,4.0,1.5,1320,14250,1.0,0,0,4,1320,0,Kirkland
4182,4.0,2.0,2030,8426,2.0,0,0,3,2030,0,Tukwila
2610,5.0,2.5,2340,4500,2.0,0,0,3,2340,0,Renton
4305,3.0,2.5,1530,6000,2.0,0,0,4,1530,0,Maple Valley
2787,3.0,2.5,1700,3575,2.0,0,0,3,1700,0,Seattle
1987,3.0,3.5,1690,1432,2.0,0,0,3,1360,330,Seattle
931,2.0,2.25,1540,958,3.0,0,0,3,1540,0,Seattle
4226,4.0,2.5,3670,9958,2.0,0,0,3,3670,0,Renton
3455,4.0,2.25,2260,7200,2.0,0,0,4,2260,0,Kent
2418,4.0,2.5,2370,10858,2.0,0,0,3,2370,0,Bellevue
2431,4.0,1.75,1890,6000,1.0,0,0,4,1110,780,Seattle
201,4.0,3.25,3760,10920,1.5,0,0,5,2400,1360,Seattle
2965,4.0,2.0,1890,6302,2.0,0,0,3,1890,0,Kent
2023,3.0,1.75,1470,6250,1.0,0,3,4,1070,400,Lake Forest Park
4494,4.0,3.25,2500,5801,1.5,0,0,3,1960,540,Seattle
973,3.0,1.5,1490,9630,1.0,0,0,4,1490,0,Kenmore
1634,3.0,1.75,2580,11000,1.0,0,0,4,1290,1290,Bellevue
2435,3.0,3.25,1470,1235,2.0,0,0,3,1180,290,Seattle
816,3.0,2.25,2060,38377,1.0,0,0,4,1560,500,Federal Way
1954,4.0,1.5,1920,10403,1.0,0,0,3,1370,550,Federal Way
3762,2.0,1.0,1050,5000,1.0,0,0,5,1050,0,Seattle
256,3.0,1.75,1580,9147,1.0,0,1,4,1210,370,Bellevue
3678,2.0,1.0,900,28800,1.0,0,0,1,900,0,Snoqualmie
1472,3.0,1.0,1110,6000,1.5,0,0,5,1110,0,Seattle
1605,3.0,1.0,1210,9525,1.0,0,0,3,1210,0,Seattle
560,4.0,2.0,2260,6000,1.0,0,0,3,1430,830,Seattle
4500,3.0,2.75,2750,18029,1.0,0,2,5,1810,940,Bellevue
2957,3.0,2.25,1230,7420,1.5,0,0,5,1230,0,Auburn
2767,3.0,2.0,2020,5500,1.5,0,3,3,1790,230,Seattle
3299,5.0,3.5,3100,10200,1.0,0,4,3,1660,1440,Bellevue
1684,3.0,2.5,2680,7836,2.0,0,0,3,2680,0,Auburn
1167,4.0,2.5,3140,8060,2.0,0,0,3,3140,0,Federal Way
3918,3.0,2.5,3316,11447,2.0,0,0,3,3316,0,Federal Way
1204,4.0,2.5,2052,3723,2.0,0,0,3,2052,0,Federal Way
1071,3.0,2.5,2150,7484,2.0,0,0,3,2150,0,Sammamish
4440,3.0,2.25,1490,4522,2.0,0,0,3,1490,0,Kenmore
2251,3.0,1.75,1890,9100,2.0,0,0,4,1890,0,Shoreline
4180,3.0,1.0,1410,7200,2.0,0,0,4,1410,0,Seattle
2681,3.0,2.75,2300,4637,2.0,0,0,3,2300,0,Snoqualmie
2956,3.0,1.0,1430,10005,1.5,0,0,4,1430,0,Seattle
1589,3.0,1.75,1590,7617,2.0,0,0,3,1590,0,Des Moines
2659,3.0,3.25,2420,1923,2.0,0,2,3,1840,580,Seattle
2446,4.0,2.75,4070,115434,2.0,0,0,3,4070,0,North Bend
4187,2.0,1.75,1350,4614,1.0,0,0,3,1350,0,Redmond
430,4.0,2.5,2660,4000,2.0,0,0,3,2660,0,Redmond
3191,3.0,2.5,2070,4132,2.0,0,0,3,2070,0,Sammamish
3942,3.0,1.75,1530,8000,2.0,0,0,3,1530,0,Redmond
2105,3.0,1.75,1300,8800,1.0,0,0,4,1300,0,Bellevue
4009,3.0,2.5,3870,46609,2.0,0,3,3,3870,0,Bellevue
4071,3.0,1.0,1060,7920,1.0,0,0,4,1060,0,Seattle
4353,3.0,1.0,1340,306848,1.0,0,0,3,1340,0,Duvall
3114,3.0,1.75,1580,8820,1.0,0,0,4,1580,0,Federal Way
1641,4.0,2.5,2560,8780,2.0,0,0,3,2560,0,Issaquah
4517,3.0,2.5,1800,2700,2.0,0,0,3,1800,0,Seattle
4377,3.0,1.5,1770,17208,1.0,0,0,3,1160,610,Bellevue
756,3.0,2.0,1400,6200,1.0,0,0,3,700,700,Shoreline
3560,3.0,1.0,910,8789,1.0,0,0,3,910,0,Seattle
3622,3.0,2.0,1610,15005,1.0,0,0,4,1610,0,Carnation
1956,2.0,1.0,970,3400,1.0,0,0,3,970,0,Seattle
4556,1.0,1.0,690,1950,1.0,0,0,3,690,0,Seattle
2176,4.0,1.5,2020,7560,1.0,0,0,4,2020,0,Renton
802,3.0,1.0,1260,6826,1.0,0,0,3,720,540,Seattle
1207,3.0,2.25,1347,1292,3.0,0,0,3,1347,0,Seattle
2930,4.0,1.75,2050,10920,1.0,0,3,3,1450,600,Lake Forest Park
3531,4.0,2.25,2300,7700,1.0,0,0,3,1380,920,Seattle
2723,3.0,2.25,1230,1238,2.0,0,0,3,1080,150,Seattle
151,4.0,2.0,1440,7680,1.0,0,0,3,1200,240,Kirkland
2292,3.0,2.5,1420,2581,3.0,0,0,3,1420,0,Seattle
714,2.0,1.0,1320,4520,1.0,0,1,3,1320,0,Seattle
544,4.0,2.5,3360,7685,2.0,0,0,3,3360,0,Renton
2745,5.0,2.75,2870,4461,1.0,0,0,3,1650,1220,Seattle
3337,3.0,1.5,2680,4775,2.0,0,2,5,1880,800,Seattle
423,2.0,1.0,1150,4400,1.0,0,0,4,1150,0,Seattle
3219,3.0,1.75,2000,9900,1.0,0,2,4,1480,520,Normandy Park
659,3.0,1.75,1600,6120,1.5,0,0,3,1600,0,Seattle
797,3.0,2.5,2170,5000,2.0,0,0,3,2170,0,Issaquah
755,2.0,1.0,880,6345,1.0,0,0,3,880,0,Seattle
2008,4.0,2.5,2700,5150,2.0,0,0,3,2700,0,Renton
99,5.0,3.5,4010,8510,2.0,0,1,5,2850,1160,Seattle
2496,3.0,2.5,1070,1155,2.0,0,0,3,720,350,Seattle
1871,5.0,2.5,2650,11455,1.0,0,0,3,1400,1250,Bellevue
2046,2.0,2.0,2280,6815,1.0,0,0,3,2280,0,Redmond
2163,3.0,2.5,2590,7237,2.0,0,0,3,2590,0,Seattle
2893,4.0,2.5,2270,9247,1.0,0,0,5,1500,770,Bellevue
537,4.0,3.75,3490,9170,2.0,0,0,3,3490,0,Bellevue
1701,3.0,2.25,2130,8721,1.0,0,0,3,1570,560,Kent
2897,3.0,1.75,1840,7300,1.0,0,0,3,1840,0,Federal Way
2222,3.0,3.0,2940,4622,2.0,0,0,4,2230,710,Seattle
2135,3.0,2.0,1350,11805,1.0,0,0,3,1350,0,Duvall
2599,5.0,2.5,2760,8015,1.0,0,0,4,1600,1160,Seattle
705,3.0,2.5,1690,5025,2.0,0,0,3,1690,0,Federal Way
3468,2.0,1.0,950,7954,1.0,0,0,4,950,0,Seattle
4381,3.0,2.5,3720,11610,2.0,0,0,3,3720,0,Sammamish
1033,3.0,1.5,1270,1443,3.0,0,0,3,1270,0,Seattle
3264,2.0,1.0,970,5500,1.0,0,0,3,970,0,Seattle
1653,5.0,2.75,2080,13189,2.0,0,0,3,2080,0,Sammamish
2607,4.0,2.5,3070,34412,1.0,0,3,4,2070,1000,Medina
2732,3.0,1.75,1700,8432,1.0,0,0,3,1230,470,Seattle
